Nombre Personnes;Temps Sortie Final;Personne 0;Personne 1;Personne 2;Personne 3;Personne 4;Personne 5;Personne 6;Personne 7;Personne 8;Personne 9;Personne 10;Personne 11;Personne 12;Personne 13;Personne 14;Personne 15;Personne 16;Personne 17;Personne 18;Personne 19;Personne 20;Personne 21;Personne 22;Personne 23;Personne 24;Personne 25;Personne 26;Personne 27;Personne 28;Personne 29;Personne 30;Personne 31;Personne 32;Personne 33;Personne 34;Personne 35;Personne 36;Personne 37;Personne 38;Personne 39;Personne 40;Personne 41;Personne 42;Personne 43;Personne 44;Personne 45;Personne 46;Personne 47;Personne 48;Personne 49;Personne 50;Personne 51;Personne 52;Personne 53;Personne 54;Personne 55;Personne 56;Personne 57;Personne 58;Personne 59;Personne 60;Personne 61;Personne 62;Personne 63;Personne 64;Personne 65;Personne 66;Personne 67;Personne 68;Personne 69;Personne 70;Personne 71;Personne 72;Personne 73;Personne 74;Personne 75;Personne 76;Personne 77;Personne 78;Personne 79;Personne 80;Personne 81;Personne 82;Personne 83;Personne 84;Personne 85;Personne 86;Personne 87;Personne 88;Personne 89;Personne 90;Personne 91;Personne 92;Personne 93;Personne 94;Personne 95;Personne 96;Personne 97;Personne 98;Personne 99;Personne 100;Personne 101;Personne 102;Personne 103;Personne 104;Personne 105;Personne 106;Personne 107;Personne 108;Personne 109;Personne 110;Personne 111;Personne 112;Personne 113;Personne 114;Personne 115;Personne 116;Personne 117;Personne 118;Personne 119;Personne 120;Personne 121;Personne 122;Personne 123;Personne 124;Personne 125;Personne 126;Personne 127;Personne 128;Personne 129;Personne 130;Personne 131;Personne 132;Personne 133;Personne 134;Personne 135;Personne 136;Personne 137;Personne 138;Personne 139;Personne 140;Personne 141;Personne 142;Personne 143;Personne 144;Personne 145;Personne 146;Personne 147;Personne 148;Personne 149;Personne 150;Personne 151;Personne 152;Personne 153;Personne 154;Personne 155;Personne 156;Personne 157;Personne 158;Personne 159;Personne 160;Personne 161;Personne 162;Personne 163;Personne 164;Personne 165;Personne 166;Personne 167;Personne 168;Personne 169;Personne 170;Personne 171;Personne 172;Personne 173;Personne 174;Personne 175;Personne 176;Personne 177;Personne 178;Personne 179;Personne 180;Personne 181;Personne 182;Personne 183;Personne 184;Personne 185;Personne 186;Personne 187;Personne 188;Personne 189;Personne 190;Personne 191;Personne 192;Personne 193;Personne 194;Personne 195;Personne 196;Personne 197;Personne 198;Personne 199;Personne 200;Personne 201;Personne 202;Personne 203;Personne 204;Personne 205;Personne 206;Personne 207;Personne 208;Personne 209;Personne 210;Personne 211;Personne 212;Personne 213;Personne 214;Personne 215;Personne 216;Personne 217;Personne 218;Personne 219;Personne 220;Personne 221;Personne 222;Personne 223;Personne 224;Personne 225;Personne 226;Personne 227;Personne 228;Personne 229;Personne 230;Personne 231;Personne 232;Personne 233;Personne 234;Personne 235;Personne 236;Personne 237;Personne 238;Personne 239;Personne 240;Personne 241;Personne 242;Personne 243;Personne 244;Personne 245;Personne 246;Personne 247;Personne 248;Personne 249
250;31,74208;1,41714;1,495797;1,619544;1,774858;1,95812;1,997233;2,09999;2,158675;2,337773;2,337773;2,448468;2,556545;2,658479;2,859834;2,859834;3,018961;3,079294;3,256699;3,377061;3,399887;3,510844;3,598132;3,676512;4,039369;4,056239;4,098677;4,115221;4,357675;4,517419;4,534749;4,65853;4,697867;4,836872;4,897264;4,95518;5,099899;5,099899;5,217504;5,418885;5,634904;5,676513;5,915678;5,939309;6,097448;6,19973;6,216795;6,259095;6,476733;6,537981;6,656006;6,917392;7,038974;7,157136;7,335994;7,377845;7,538055;7,616722;7,658801;7,798089;7,838934;7,915038;8,076188;8,134049;8,394942;8,394942;8,59651;8,735681;8,897116;8,917974;9,018473;9,298105;9,397083;9,615067;9,658752;9,675216;9,838851;9,997397;10,13774;10,29615;10,47708;10,65825;10,65825;10,89695;10,89695;10,93949;10,99595;11,17794;11,31891;11,39876;11,55859;11,63459;11,7754;12,05859;12,15677;12,31494;12,39618;12,53685;12,65744;12,87905;13,05586;13,13456;13,13456;13,15815;13,31881;13,31881;13,45995;13,45995;13,49739;13,5778;13,69502;13,75949;13,79922;14,0353;14,09829;14,11792;14,21869;14,31739;14,53881;14,61982;14,61982;14,71677;14,85712;15,03807;15,07908;15,09824;15,37913;15,41729;15,57559;15,65877;15,67985;15,75838;15,87803;16,05613;16,05613;16,11568;16,11568;16,31984;16,4974;16,53638;16,55645;16,75826;16,85691;16,89582;16,93922;16,97531;17,15887;17,19896;17,21755;17,27713;17,59726;17,69888;17,7579;18,01568;18,13623;18,13623;18,21801;18,29768;18,43778;18,47445;18,61869;18,73961;18,79728;18,79728;18,99629;19,01537;19,17862;19,27786;19,43877;19,45814;19,51742;19,63584;19,73523;19,899;19,95915;20,01593;20,11834;20,31695;20,41836;20,59907;20,73762;20,7559;21,03851;21,096;21,25773;21,39597;21,45954;21,45954;21,59893;21,67882;21,75859;21,83434;21,83434;21,95906;22,25903;22,45835;22,49869;22,59503;22,65786;22,85852;22,89815;23,0569;23,0759;23,25835;23,33829;23,4978;23,51665;23,5563;23,71769;23,77547;23,81495;24,05679;24,17617;24,21772;24,25804;24,45954;24,59833;24,63918;24,75838;24,85879;24,99988;25,07897;25,18;25,45882;25,53923;25,65983;25,69759;25,93749;26,05844;26,21584;26,23953;26,53937;26,77993;26,81695;27,09861;27,15748;27,2975;27,41903;27,69699;27,69699;27,97557;28,59745;28,83734;29,05811;29,15998;29,83641;29,85745;30,17615;30,43702;30,77779;31,7382
250;31,03901;1,633381;1,697319;2,033787;2,05785;2,131764;2,131764;2,233279;2,276228;2,353599;2,417308;2,514597;2,574008;2,61561;2,754957;2,87304;3,090786;3,152974;3,315414;3,516146;3,695712;3,81344;3,856236;3,992441;4,035603;4,177306;4,37199;4,413017;4,492986;4,591986;4,615736;4,692111;4,757086;4,895988;5,015146;5,136018;5,253453;5,295288;5,4943;5,4943;5,533142;5,593953;5,893526;6,052909;6,176254;6,33381;6,535282;6,636898;6,774093;6,774093;6,996827;7,013677;7,174466;7,235173;7,256935;7,47476;7,693939;7,756273;7,953325;8,136137;8,19768;8,335044;8,374975;8,4375;8,53316;8,615081;8,693008;8,736089;8,776572;8,892969;9,035814;9,072514;9,255193;9,3332;9,353088;9,532512;9,594913;9,594913;9,633424;9,834389;10,09677;10,27603;10,41518;10,496;10,51731;10,65478;10,8173;10,83379;10,87227;11,05573;11,17544;11,27684;11,35606;11,39384;11,53646;11,63632;11,69697;11,79425;11,83632;11,99279;12,05517;12,11429;12,21589;12,27587;12,29644;12,63594;12,63594;12,63594;12,69669;12,9737;12,99681;13,01388;13,07291;13,2536;13,31542;13,35449;13,47549;13,49566;13,53644;13,73727;13,79412;13,87517;13,89654;14,07718;14,13781;14,19317;14,35759;14,55713;14,55713;14,63476;14,75504;14,79401;14,91724;14,95696;15,13579;15,15538;15,25417;15,39536;15,4731;15,5921;15,79328;15,79328;15,87513;15,93627;15,97593;16,15688;16,21445;16,29783;16,39697;16,51471;16,61593;16,77375;16,81598;16,89548;17,09627;17,1338;17,31559;17,35455;17,47778;17,49716;17,7365;17,7365;17,95412;18,07325;18,15641;18,23779;18,29417;18,41599;18,5165;18,63359;18,71467;18,83743;18,95785;19,09787;19,1145;19,29522;19,41788;19,45487;19,55658;19,65736;19,71574;19,91487;19,99688;20,01429;20,1974;20,23691;20,39327;20,39327;20,45529;20,5571;20,61368;20,69586;20,85682;20,85682;21,037;21,23607;21,25275;21,35456;21,45646;21,53324;21,67534;21,71552;21,89621;21,89621;21,9539;22,01468;22,15517;22,21756;22,3354;22,41333;22,47627;22,51429;22,65707;22,87376;22,87376;22,9164;23,1374;23,1374;23,21644;23,33689;23,41533;23,57739;23,73574;24,03682;24,03682;24,17664;24,43555;24,47508;24,57317;24,71683;24,91731;25,05438;25,25459;25,67396;25,85741;25,85741;26,0976;26,19677;26,31422;26,79397;26,95533;27,3968;27,51597;27,53493;28,07574;28,37613;28,47561;28,7974;29,07761;29,79434;31,03513
250;32,08125;1,053491;1,656595;1,656595;1,878138;1,878138;1,937527;2,074655;2,19314;2,293788;2,352449;2,473281;2,557963;2,611874;2,696244;2,91699;2,91699;3,011763;3,094055;3,132932;3,276119;3,337223;3,433804;3,757797;3,774941;3,855874;3,977921;4,136914;4,136914;4,296105;4,318856;4,395826;4,517958;4,535931;4,633804;4,693669;4,73423;4,798073;5,014894;5,073956;5,073956;5,169654;5,357012;5,516546;5,5342;5,57608;5,594251;5,757729;5,796008;6,013697;6,177044;6,258661;6,258661;6,397838;6,514451;6,618425;6,714658;6,878382;7,075472;7,116095;7,314373;7,378394;7,597255;7,675977;7,738477;7,916623;7,956659;7,994381;8,095134;8,195705;8,318636;8,417571;8,475939;8,598525;8,695942;8,937303;9,054083;9,213458;9,238632;9,315236;9,433427;9,654758;9,676309;9,916218;9,933188;9,955702;10,23806;10,39736;10,39736;10,41803;10,47714;10,65221;10,65221;10,9754;10,9754;11,17306;11,19333;11,21554;11,39807;11,45613;11,87402;11,89572;12,05665;12,13743;12,19293;12,23582;12,29392;12,43743;12,45697;12,45697;12,69465;12,7562;12,79827;12,95709;12,97579;13,05876;13,09454;13,13486;13,21592;13,29454;13,31881;13,4558;13,47728;13,59517;13,71481;13,7758;13,93819;14,13417;14,17555;14,33728;14,37615;14,37615;14,57633;14,63878;14,69769;14,77849;14,93494;14,93494;15,07715;15,15765;15,27879;15,33745;15,41684;15,61691;15,65884;15,71619;15,7544;16,03775;16,19821;16,2186;16,37886;16,47581;16,57399;16,61393;16,73756;16,95885;17,03749;17,09492;17,39834;17,43747;17,49766;17,65602;17,7985;17,7985;17,81456;18,07726;18,21511;18,25715;18,33761;18,47739;18,55816;18,77691;18,8747;18,95671;19,09689;19,37597;19,37597;19,63627;19,73404;19,95779;19,97619;20,09496;20,11719;20,27534;20,29809;20,338;20,4974;20,63714;20,69727;20,77789;20,8985;21,05709;21,05709;21,25873;21,39709;21,47593;21,59865;21,6332;21,6543;21,77797;21,95742;22,0354;22,09787;22,13514;22,19415;22,35703;22,37834;22,57617;22,59518;22,69465;22,85637;22,97801;23,2742;23,29861;23,45616;23,59766;23,73394;24,01613;24,0559;24,13482;24,35578;24,39695;24,41593;24,55659;24,73842;24,85562;24,89713;25,03563;25,17767;25,23615;25,51875;25,71576;25,83873;25,99746;26,0349;26,37672;26,99842;27,27758;27,37639;27,55816;27,77391;28,0981;28,27532;28,89669;28,97702;29,53495;29,61751;30,01654;30,63774;30,99784;32,0776
250;29,83896;1,034249;1,292744;1,656654;1,69676;1,734;1,933995;1,995443;2,2345;2,431736;2,47195;2,573237;2,595747;2,775283;2,775283;2,856673;2,951376;3,034896;3,077203;3,255284;3,368788;3,415873;3,415873;3,592197;3,677342;3,767056;3,816162;3,933901;3,974206;4,0913;4,153536;4,255552;4,430084;4,51192;4,571994;4,712284;4,757581;4,834132;4,874958;5,034701;5,034701;5,257455;5,437444;5,455218;5,494388;5,669631;5,816852;5,872429;6,015163;6,096588;6,157191;6,356661;6,473696;6,473696;6,615114;6,734544;6,896211;6,993591;7,014572;7,136707;7,136707;7,292435;7,335296;7,432205;7,532936;7,57691;7,715664;7,934293;7,99438;8,050401;8,1547;8,334937;8,416808;8,452848;8,555841;8,636693;8,636693;8,696856;8,793243;8,93292;8,95461;9,057508;9,15409;9,335303;9,454829;9,512957;9,616237;9,774824;9,833279;9,892698;9,892698;10,15446;10,23427;10,35719;10,43337;10,45457;10,57702;10,59318;10,73567;10,77417;10,81241;10,93582;10,95184;11,01557;11,13629;11,39682;11,45642;11,47587;11,63697;11,75557;11,97418;11,97418;12,11075;12,21339;12,33559;12,33559;12,57727;12,61722;12,7149;12,79671;12,83741;13,0764;13,09751;13,09751;13,39513;13,4573;13,4765;13,55258;13,63388;13,7765;13,95461;13,99163;14,01375;14,1535;14,25583;14,35267;14,41423;14,61583;14,6947;14,71471;14,77452;14,97351;15,01714;15,21491;15,27265;15,33433;15,37362;15,5362;15,63309;15,75629;15,95364;16,0364;16,0364;16,0946;16,37459;16,43716;16,49523;16,69375;16,75657;16,77327;16,87691;17,1563;17,2924;17,33734;17,5374;17,55686;17,61696;17,77684;17,81431;17,91692;18,11643;18,13475;18,27454;18,29306;18,47684;18,65187;18,67589;18,67589;18,73655;18,93442;18,97528;19,17651;19,17651;19,1946;19,35729;19,47293;19,654;19,77447;19,99664;19,99664;20,07406;20,25673;20,33248;20,3962;20,47738;20,55707;20,75477;20,79529;20,87709;21,07519;21,0961;21,35663;21,3757;21,43448;21,49607;21,89536;21,89536;22,09406;22,11506;22,29503;22,33403;22,49345;22,73427;22,81417;22,83676;22,85545;23,05411;23,11632;23,3156;23,3156;23,37678;23,59597;23,73544;23,85735;23,95567;24,03429;24,21385;24,27396;24,41551;24,77633;24,77633;25,01628;25,29549;25,37512;25,55688;25,59572;25,63284;25,91678;25,95739;26,13745;26,5538;27,21503;27,27395;27,45603;27,55635;27,81745;28,09699;28,35523;28,55437;29,31595;29,83442
250;33,78072;1,01716;1,373062;1,537385;1,77757;1,933378;1,992839;2,056614;2,116366;2,29204;2,337106;2,534724;2,677719;2,677719;2,737663;2,97632;2,97632;3,05304;3,090406;3,27773;3,536729;3,536729;3,616402;3,717309;3,816472;3,956059;4,073331;4,134748;4,233714;4,435501;4,472477;4,554022;4,638055;4,795783;4,812704;4,997632;4,997632;5,034344;5,234088;5,256155;5,378447;5,396456;5,553211;5,593928;5,774163;5,836205;5,898146;6,136235;6,154219;6,337558;6,57815;6,697257;6,697257;6,794019;6,876937;6,992479;7,098389;7,137415;7,158135;7,275856;7,454384;7,454384;7,493429;7,73814;7,73814;7,798296;7,973745;7,997827;8,07433;8,256139;8,355922;8,415724;8,437989;8,478315;8,737345;8,85764;8,895096;9,171385;9,198545;9,45729;9,515599;9,53413;9,53413;9,738541;9,835214;9,835214;9,857805;10,13362;10,13362;10,2779;10,2779;10,41744;10,45382;10,55828;10,65667;10,75657;10,85599;10,87794;10,9979;10,9979;11,13533;11,19657;11,35756;11,45676;11,5369;11,5574;11,5574;11,6358;11,85473;11,87534;11,97537;11,97537;12,17784;12,21789;12,31829;12,35614;12,45449;12,51555;12,55616;12,59424;12,71613;12,73466;13,03395;13,03395;13,13511;13,25556;13,37836;13,516;13,516;13,53547;13,67737;13,73731;13,85845;13,85845;14,09742;14,21482;14,23529;14,35768;14,37805;14,49364;14,55497;14,59395;14,75633;14,87813;14,9158;14,93554;15,15709;15,17698;15,21828;15,31579;15,53563;15,57798;15,61379;15,85488;15,93655;15,93655;16,05476;16,11758;16,17409;16,33394;16,39678;16,51486;16,61809;16,75789;16,75789;16,75789;17,03604;17,03604;17,09574;17,15703;17,35626;17,37666;17,49688;17,63646;17,71814;17,77605;17,9572;17,99617;17,99617;18,15665;18,17442;18,37835;18,49738;18,63849;18,73626;18,81577;18,97374;19,23729;19,29772;19,49793;19,57435;19,65612;19,75799;19,81522;19,89826;20,05676;20,19734;20,21599;20,31845;20,3772;20,53838;20,63694;20,81763;20,85555;20,93774;20,99417;21,13632;21,29393;21,33735;21,45728;21,5161;21,5975;21,89692;22,1382;22,27665;22,31324;22,41459;22,43564;22,61822;22,63697;22,79778;22,8579;23,03788;23,15653;23,41849;23,557;23,69275;23,81809;23,91733;24,1974;24,27548;24,35638;24,47734;24,71584;24,77597;24,93182;24,93182;25,19754;25,49789;25,53774;25,97601;26,15531;26,3161;26,45819;26,65645;26,97817;27,33497;27,73583;27,75669;29,41765;33,77609
250;30,65907;1,275767;1,576791;1,576791;1,734148;2,036556;2,23658;2,25538;2,37617;2,47613;2,876093;2,935273;2,935273;3,07404;3,235323;3,255221;3,392023;3,454595;3,594418;3,594418;3,732415;3,75713;3,816134;3,95687;3,95687;4,15712;4,277707;4,332361;4,417361;4,733613;4,894717;5,056512;5,090722;5,090722;5,213731;5,4733;5,516379;5,596565;5,713814;5,7542;5,975884;6,116457;6,214721;6,257539;6,29709;6,357675;6,413664;6,516918;6,573119;6,616473;6,774292;6,836932;6,956021;7,133143;7,21601;7,496308;7,536205;7,672556;7,751128;7,95623;8,0165;8,1141;8,173005;8,436561;8,436561;8,53532;8,735897;8,75631;9,073555;9,097505;9,137291;9,153308;9,39236;9,496125;9,551236;9,693859;9,794671;9,817091;9,893813;10,09768;10,15571;10,35495;10,35495;10,35495;10,49522;10,59293;10,71586;10,73648;10,77481;10,81717;10,91524;11,11244;11,1368;11,15633;11,21628;11,37574;11,43751;11,59296;11,65464;11,79698;11,9774;12,13733;12,19699;12,21237;12,39722;12,47604;12,55648;12,71743;12,75772;12,93729;12,95765;13,01335;13,11656;13,19655;13,19655;13,39338;13,43594;13,5168;13,65382;13,71447;13,79329;14,017;14,17588;14,19672;14,29461;14,43671;14,47553;14,73439;14,77567;14,81658;14,95324;14,99538;15,11733;15,13709;15,31374;15,37656;15,39714;15,59497;15,75209;15,77681;15,87252;15,93689;16,05638;16,11397;16,35769;16,39354;16,57514;16,59487;16,59487;16,69654;16,95564;16,95564;17,03265;17,15653;17,21642;17,33556;17,37697;17,6167;17,6167;17,63594;17,75743;17,83564;18,13748;18,1561;18,23628;18,51536;18,5571;18,5775;18,77541;18,83662;18,93522;19,05707;19,21751;19,23683;19,41611;19,45434;19,55601;19,63756;19,65592;19,75519;19,85607;19,93759;20,2577;20,29403;20,37599;20,61755;20,6928;20,93249;20,93249;21,01658;21,21466;21,25163;21,35423;21,5957;21,63671;21,65163;21,8577;21,93571;21,9754;22,11632;22,15769;22,33442;22,39668;22,45448;22,656;22,67387;22,89536;23,09595;23,17731;23,19536;23,25587;23,43412;23,49739;23,49739;23,61765;23,69761;23,85673;23,95662;24,07437;24,09707;24,13422;24,27386;24,33515;24,45672;24,47477;24,61466;24,6367;24,9336;24,9336;25,17751;25,33498;25,47681;25,85643;26,11751;26,13452;26,39509;26,67618;26,77735;27,27613;27,37705;27,59471;27,61683;27,89415;27,91705;28,01614;28,23507;28,47749;29,11414;29,33754;29,67717;30,65476
250;31,14052;1,333584;1,478681;1,598335;1,913339;1,933025;2,098519;2,198274;2,375555;2,375555;2,434774;2,558141;2,618269;2,795197;2,877407;2,956358;3,114514;3,178461;3,275926;3,358561;3,417399;3,732934;3,753006;3,794221;3,936336;3,97505;4,138297;4,176035;4,296745;4,533786;4,6574;4,795509;4,837103;4,837103;5,054806;5,194484;5,256027;5,393755;5,536322;5,734325;5,774336;5,818678;5,818678;5,994833;6,017132;6,117689;6,138446;6,578563;6,957846;7,114333;7,138507;7,198387;7,355328;7,73618;7,917406;7,917406;7,954897;8,093849;8,093849;8,195738;8,234899;8,3377;8,475645;8,694239;8,694239;8,796724;8,894973;8,933269;9,01541;9,095392;9,417545;9,658483;9,752109;9,896129;9,917248;10,03815;10,13611;10,1971;10,45856;10,69732;10,77509;10,79583;11,23535;11,25758;11,31364;11,43637;11,4583;11,51854;11,65427;11,87333;12,0587;12,0587;12,17697;12,21509;12,35737;12,41481;12,45489;12,57731;12,6369;12,67813;12,83416;12,99588;13,05432;13,09597;13,21628;13,23696;13,49749;13,49749;13,61418;13,63465;13,75713;13,916;14,05517;14,07432;14,09853;14,27752;14,29848;14,41486;14,59715;14,6974;14,77604;14,81532;14,87376;14,99637;15,07446;15,15865;15,19655;15,37588;15,41622;15,4982;15,4982;15,67734;15,73732;15,75595;15,89789;15,91826;15,95767;16,29427;16,35826;16,45431;16,47436;16,6555;16,6555;16,67619;16,79798;16,85704;16,97607;17,03857;17,15488;17,19669;17,27612;17,39563;17,5765;17,61571;17,65703;17,77754;17,9576;17,9576;18,01432;18,0741;18,19839;18,27451;18,59545;18,7559;18,87598;18,91419;18,99697;19,0958;19,17644;19,2785;19,41605;19,41605;19,43584;19,53523;19,71463;19,85398;19,85398;19,91632;20,01519;20,09384;20,19444;20,29687;20,31555;20,49553;20,53727;20,63848;20,69427;20,81359;21,0345;21,0345;21,15775;21,31704;21,4586;21,47739;21,61763;21,75474;21,8976;21,97434;22,07646;22,2377;22,29725;22,39794;22,49511;22,57813;22,67671;22,79766;22,89727;22,93535;23,07719;23,23766;23,25764;23,39418;23,47539;23,49708;23,63835;23,67809;23,85567;23,87726;23,97725;24,09705;24,19654;24,39794;24,43559;24,67712;24,71865;24,85596;24,91488;24,95741;25,17766;25,23852;25,5178;25,57862;25,7576;25,97667;26,19763;26,43478;26,69551;26,73802;26,87642;27,03674;27,1374;27,45751;27,7965;27,89754;27,99562;28,37726;28,79742;29,03694;29,57676;30,11543;31,13634
250;32,66138;1,232857;1,272887;1,673604;1,797668;1,876438;1,937142;1,994009;2,017356;2,156706;2,354807;2,373286;2,555564;2,677505;2,713866;2,815433;2,958003;3,07299;3,07299;3,298089;3,31532;3,415039;3,717687;3,717687;3,77596;4,036477;4,191707;4,231448;4,273352;4,517119;4,517119;4,517119;4,655193;4,71398;4,755958;4,796097;4,917296;5,055581;5,231759;5,231759;5,374825;5,438137;5,574389;5,649856;5,794301;5,875734;5,956497;6,075404;6,117763;6,21554;6,252813;6,455061;6,477646;6,537647;6,693742;6,756822;6,835835;6,897046;6,957118;7,036575;7,154096;7,375614;7,47428;7,635889;7,675068;7,756313;7,83392;7,916836;8,016562;8,157736;8,353633;8,414165;8,437053;8,614282;8,778032;8,793935;8,816075;9,016025;9,076031;9,216025;9,393637;9,457432;9,637632;9,737931;9,795679;9,897257;9,97657;10,05405;10,27785;10,2935;10,35731;10,47761;10,51589;10,57407;10,71379;10,77642;10,8333;10,99172;11,03352;11,11759;11,17715;11,31411;11,47694;11,65407;11,69705;11,79334;11,97767;11,97767;12,17424;12,1938;12,25747;12,3568;12,47287;12,53084;12,63434;12,75259;12,79566;12,91418;12,9732;13,0774;13,25341;13,35518;13,71587;13,77352;13,81652;14,05382;14,05382;14,1342;14,3562;14,39664;14,39664;14,49645;14,57356;14,6138;14,815;14,89645;14,99599;15,27671;15,33436;15,35686;15,71631;15,79503;15,99559;16,03624;16,33445;16,41247;16,43431;16,55566;16,59389;16,71664;16,77418;16,79478;16,89698;16,95455;17,06929;17,15743;17,27415;17,29793;17,57661;17,73299;17,87511;17,89629;17,99597;18,0375;18,17622;18,31655;18,37437;18,49689;18,53573;18,57719;18,61455;18,79773;18,9314;19,11398;19,11398;19,17519;19,41635;19,51259;19,674;19,69509;19,69509;19,7764;19,91335;19,97495;20,01774;20,19482;20,37569;20,47642;20,5961;20,6545;20,6545;20,87391;20,93716;21,21362;21,37711;21,39734;21,4978;21,63408;21,695;21,83782;21,93808;22,01443;22,01443;22,19632;22,23653;22,37547;22,47651;22,61438;22,81803;23,01597;23,1376;23,23463;23,37799;23,39721;23,51245;23,65518;23,65518;23,89419;23,91707;24,13589;24,21703;24,25445;24,41478;24,55744;24,61448;25,15494;25,27599;25,51811;25,67781;25,75621;25,95611;26,158;26,25739;26,67537;26,71443;26,75641;26,9763;27,1737;27,33588;27,55552;27,89683;28,23394;28,6172;29,31451;29,89513;30,11652;31,01591;31,43444;31,65746;32,21591;32,65716
250;30,97706;0,9352446;1,272791;1,315018;1,531821;1,813196;1,894003;1,956457;2,072872;2,109796;2,232627;2,255574;2,512579;2,512579;2,532171;2,633161;2,734155;2,83562;2,913039;3,031502;3,173914;3,196075;3,412678;3,435359;3,675421;3,856142;3,915746;3,933143;4,030257;4,150239;4,316566;4,33404;4,415868;4,533777;4,636304;4,636304;4,79314;4,894028;4,912607;5,153644;5,251639;5,489851;5,612024;5,734474;5,772943;6,052039;6,075317;6,215763;6,215763;6,335063;6,431416;6,573182;6,633122;6,654033;6,795465;6,852093;6,87242;7,016173;7,133984;7,172099;7,273472;7,372944;7,428431;7,47368;7,654777;7,73342;7,73342;7,955492;7,996174;8,13467;8,176094;8,214846;8,29065;8,393564;8,51603;8,656398;8,756149;8,832869;8,916514;8,995273;9,033792;9,174821;9,356083;9,453813;9,571838;9,71209;9,77627;9,835843;9,936506;10,03252;10,07501;10,1144;10,25313;10,41613;10,55338;10,55338;10,7742;10,89618;11,03378;11,05311;11,17403;11,39538;11,57518;11,59618;11,59618;11,81285;12,05573;12,11035;12,17245;12,27326;12,63617;12,77605;12,87506;12,95567;13,05496;13,11518;13,27464;13,37667;13,4716;13,71447;13,75304;13,85621;13,87665;14,01629;14,11375;14,37593;14,37593;14,391;14,43388;14,5958;14,70888;14,81497;14,87615;15,01648;15,09242;15,31637;15,47443;15,49641;15,6355;15,71463;15,73468;15,89613;15,97517;16,01488;16,09436;16,25314;16,31307;16,37605;16,57318;16,57318;16,73658;16,73658;16,99326;17,15655;17,23493;17,2536;17,43517;17,49297;17,57194;17,63502;17,77396;17,97388;17,99654;18,19181;18,25047;18,29456;18,29456;18,51496;18,59652;18,71524;18,89465;19,01387;19,03666;19,17613;19,21399;19,39539;19,5715;19,61315;19,67576;19,79634;19,83649;19,99503;20,05379;20,21364;20,2345;20,41501;20,47655;20,69361;20,71596;20,85475;20,99556;21,07216;21,07216;21,07216;21,39597;21,39597;21,43356;21,53468;21,65253;21,73517;21,85485;21,87525;21,97302;22,23605;22,29664;22,39508;22,49311;22,55521;22,65416;22,77446;22,91597;22,99406;23,17419;23,19271;23,39542;23,53626;23,67602;23,81322;23,83279;23,91271;23,97569;24,05288;24,17584;24,21311;24,37648;24,37648;24,7557;24,83374;24,91669;25,03476;25,17663;25,29197;25,49458;25,61656;25,73417;26,29601;26,41479;26,47592;26,67351;27,05323;27,05323;27,43412;27,75435;27,85493;28,03602;28,13496;28,17654;29,01364;29,51576;29,91247;30,97371
250;29,00018;1,413431;1,698673;1,736269;1,892986;1,977054;2,092145;2,114676;2,114676;2,298428;2,415272;2,636679;2,659472;2,872325;2,915577;2,937153;3,174062;3,197155;3,316779;3,358985;3,4141;3,555003;3,578049;3,858042;3,858042;3,899212;4,097633;4,097633;4,175681;4,199016;4,634807;4,7785;4,796336;4,837595;5,054169;5,095144;5,195652;5,233805;5,437332;5,512552;5,535324;5,558103;5,696935;5,759048;5,856426;5,878742;5,895971;6,09941;6,335363;6,357525;6,37958;6,655795;6,736152;6,818166;6,935627;7,055075;7,115253;7,23941;7,338856;7,356379;7,516461;7,6384;7,6384;7,755279;7,837737;7,876117;8,038606;8,114356;8,237826;8,316175;8,359619;8,45627;8,475796;8,519153;8,615516;8,695725;8,713265;8,839067;8,839067;9,052997;9,11617;9,154987;9,236533;9,376721;9,396342;9,538372;9,69848;9,83579;9,83579;10,01785;10,07584;10,25549;10,29606;10,29606;10,35583;10,61611;10,63881;10,65959;10,91854;10,95653;10,97795;11,11665;11,23669;11,23669;11,23669;11,37695;11,61902;11,61902;11,63486;11,89953;11,89953;12,01896;12,13777;12,19712;12,31721;12,37866;12,4395;12,4395;12,51521;12,6791;12,6791;12,81846;12,83743;12,93478;13,05473;13,11709;13,21746;13,3965;13,3965;13,41615;13,55517;13,61574;13,73566;13,83773;13,97633;13,99599;14,25798;14,31707;14,51462;14,51462;14,61836;14,83686;14,93495;14,95964;15,05501;15,23576;15,25747;15,37904;15,37904;15,69772;15,75709;15,87953;16,01767;16,03676;16,09714;16,19899;16,29555;16,63959;16,71712;16,73597;16,9577;17,0969;17,1994;17,47832;17,59945;17,79791;17,89943;17,89943;18,11755;18,17543;18,1982;18,23542;18,37716;18,53798;18,57828;18,59662;18,77816;18,79886;18,91937;19,05581;19,13711;19,21766;19,49768;19,59647;19,65911;19,73735;19,87898;20,01879;20,11599;20,29678;20,33634;20,4786;20,53776;20,69756;20,69756;20,7959;20,7959;20,95509;21,07688;21,13694;21,25871;21,41543;21,45812;21,71837;21,7386;21,79544;21,97728;22,01866;22,17921;22,17921;22,37589;22,45776;22,55968;22,77543;22,93788;23,07513;23,11388;23,19599;23,19599;23,35822;23,419;23,57969;23,65544;23,83906;23,99739;24,09517;24,21789;24,31569;24,45667;24,49942;24,81586;24,99892;25,01919;25,13816;25,19894;25,45844;25,51742;25,67893;25,73679;26,11812;26,49814;26,63929;26,77628;26,99687;27,07787;27,37861;27,37861;27,81813;28,31627;28,37766;28,99624
250;29,1607;1,059039;1,271918;1,291855;1,63373;1,67709;1,858156;1,876233;2,112757;2,199104;2,288331;2,376039;2,399528;2,51367;2,63216;2,674817;2,738397;2,757608;2,938301;2,953591;2,995985;3,03562;3,099345;3,218411;3,336407;3,388957;3,419335;3,637756;3,794804;3,894709;3,958873;4,072444;4,119411;4,153058;4,315094;4,338961;4,356062;4,47769;4,534774;4,615335;4,713499;4,815596;4,854181;5,058017;5,075119;5,135042;5,135042;5,316819;5,316819;5,458722;5,478539;5,596422;5,676748;5,898624;5,973647;6,037707;6,437563;6,558532;6,654692;6,698146;6,715217;6,873114;6,993309;7,115776;7,297781;7,358025;7,454679;7,636009;7,698342;7,877743;7,894572;8,015974;8,076904;8,238733;8,256423;8,414948;8,517774;8,595336;8,637709;8,675697;8,814999;8,875501;8,956361;9,074881;9,218365;9,358077;9,597948;9,635919;9,635919;9,758096;9,838632;9,937773;9,976906;10,11373;10,17677;10,17677;10,17677;10,37498;10,39652;10,51806;10,67666;10,91692;11,05569;11,15889;11,2187;11,31532;11,41554;11,45819;11,51793;11,57518;11,77656;11,83946;11,95507;12,17629;12,21631;12,35817;12,4577;12,61709;12,6577;12,71697;12,77689;12,89516;12,97667;13,05758;13,13562;13,21762;13,23655;13,3142;13,35566;13,45531;13,57856;13,57856;13,7387;13,79695;13,97685;14,07907;14,1765;14,2779;14,31845;14,41603;14,47887;14,47887;14,67851;14,69525;14,8772;14,9593;15,01939;15,13946;15,21844;15,23825;15,27764;15,41783;15,53628;15,57595;15,75562;15,81749;16,05768;16,07708;16,1577;16,31878;16,35777;16,37798;16,43829;16,5569;16,59914;16,65932;16,71535;16,77857;16,87606;17,03571;17,17954;17,35886;17,47566;17,53632;17,53632;17,697;17,75908;17,81897;17,83699;18,11709;18,13846;18,2394;18,2394;18,51945;18,65876;18,67612;18,8186;18,87769;19,01668;19,07781;19,17619;19,17619;19,33524;19,55948;19,75776;19,75776;19,957;19,97758;20,01603;20,15902;20,21745;20,31456;20,33588;20,43617;20,59737;20,63801;20,63801;20,87867;20,89872;21,05569;21,15911;21,23559;21,25754;21,4375;21,53752;21,5978;21,69858;21,79614;21,8782;22,07681;22,23024;22,39773;22,41592;22,71796;22,85894;22,85894;23,01718;23,17611;23,33815;23,51896;23,55714;23,65542;23,75632;23,99829;24,15644;24,2181;24,39823;24,55658;24,65787;24,79515;24,89734;25,01647;25,07797;25,33631;25,5765;25,69753;26,59515;26,95839;27,43577;27,77913;29,15677
250;33,04165;1,115882;1,334519;1,594995;1,696011;1,851424;1,95474;1,995983;2,153869;2,396932;2,396932;2,43785;2,575627;2,835493;2,894013;2,955502;3,194331;3,271754;3,396219;3,474741;3,617644;3,635234;3,776523;3,991088;4,035004;4,157016;4,176037;4,493863;4,493863;4,558083;4,614954;4,777937;4,83429;4,898254;4,93257;5,11596;5,155168;5,174219;5,338768;5,396802;5,455303;5,493773;5,7742;5,877477;5,877477;5,958174;6,236907;6,277231;6,435669;6,477121;6,697874;6,697874;6,778001;6,817349;6,917015;6,97644;7,05508;7,358177;7,373972;7,414824;7,615626;7,638315;7,676877;7,734175;7,832937;7,936416;8,014784;8,238323;8,25409;8,353871;8,494117;8,516107;8,754131;8,895875;8,917118;8,956261;8,997787;9,15437;9,236016;9,376378;9,414576;9,63639;9,75478;9,93539;9,975639;10,05857;10,07474;10,33789;10,35569;10,39873;10,47759;10,65528;10,65528;10,71638;10,77715;10,8778;11,09857;11,11857;11,15632;11,21593;11,47406;11,49561;11,51491;11,65643;11,75815;12,09647;12,15692;12,29696;12,31789;12,39853;12,49658;12,757;12,9154;12,93574;13,07663;13,17807;13,19811;13,19811;13,41853;13,47522;13,5345;13,57425;13,69773;13,87781;14,05593;14,11731;14,17771;14,31587;14,45757;14,49802;14,57828;14,6959;14,97663;15,03761;15,09602;15,15756;15,27566;15,33703;15,33703;15,51533;15,5748;15,5748;15,7578;15,77588;15,93879;16,09671;16,23477;16,29725;16,33599;16,51854;16,61425;16,71756;16,73835;16,91697;17,07782;17,17645;17,17645;17,275;17,39524;17,49602;17,55457;17,57714;17,85558;17,95547;18,07853;18,21586;18,35512;18,37462;18,47601;18,57457;18,69866;18,71688;18,91716;19,15571;19,19648;19,19648;19,37742;19,43772;19,65522;19,73458;19,73458;20,05832;20,07612;20,19528;20,21671;20,45584;20,47477;20,57671;20,71821;20,87787;20,91765;21,115;21,27683;21,35819;21,57516;21,5966;21,71509;21,83437;21,95554;22,0582;22,19762;22,19762;22,31791;22,33728;22,4373;22,49615;22,57487;22,71822;22,9587;22,99781;23,21749;23,31629;23,33502;23,35681;23,61794;23,61794;23,7557;23,87845;24,11821;24,13872;24,19828;24,39491;24,45583;24,51682;24,71679;25,03756;25,21715;25,45832;25,55809;25,57855;25,59644;25,93723;25,9772;26,15681;26,69673;26,89582;27,1778;27,41812;27,45721;27,59743;27,97608;28,11461;28,49637;28,73836;29,53452;30,07589;30,3182;31,35625;31,59597;32,25866;33,03817
250;29,09904;0,9949389;1,492467;1,655239;1,655239;1,85489;1,955691;1,974334;2,075527;2,152664;2,191389;2,313808;2,396121;2,511293;2,511293;2,59235;2,732045;2,85569;2,85569;2,952567;3,073344;3,136127;3,175977;3,334094;3,371663;3,453862;3,613077;3,635927;3,775005;3,81064;3,853752;3,995796;3,995796;4,013494;4,15441;4,171063;4,251427;4,455532;4,493913;4,511895;4,535316;4,714934;4,796098;4,853668;4,893451;5,109874;5,374133;5,395513;5,453818;5,615204;5,615204;5,775501;5,854054;5,876069;6,034431;6,034431;6,188637;6,235739;6,416034;6,456077;6,51173;6,713886;6,793115;6,834782;7,035587;7,053527;7,151823;7,213545;7,291389;7,374238;7,393093;7,470886;7,574639;7,695337;7,93403;8,01475;8,031684;8,215656;8,336006;8,374342;8,413397;8,492098;8,633431;8,731897;8,731897;8,894072;9,013486;9,172806;9,190407;9,475968;9,81345;10,07294;10,17536;10,27344;10,29424;10,37298;10,49321;10,55469;10,59457;10,85308;10,9325;10,99545;11,09583;11,25598;11,29216;11,35618;11,39237;11,5931;11,5931;11,63592;11,73388;11,75502;11,87564;12,09393;12,13417;12,19546;12,2356;12,2925;12,41448;12,47512;12,61416;12,63387;12,67448;12,77227;12,87533;13,15229;13,17381;13,21358;13,45247;13,55457;13,55457;13,55457;13,75228;13,95459;13,97349;14,03571;14,05178;14,17191;14,2315;14,37231;14,43592;14,59574;14,61594;14,73376;14,75437;14,79373;14,95433;15,01416;15,17257;15,27244;15,29585;15,37178;15,3953;15,65355;15,83347;15,87274;15,87274;16,05556;16,09437;16,11294;16,27256;16,33313;16,4919;16,51092;16,57435;16,67351;16,81614;16,89502;17,05583;17,19562;17,23332;17,23332;17,5338;17,55253;17,61197;17,73499;17,93244;17,97434;18,07559;18,25502;18,45547;18,59626;18,73298;18,87531;18,93185;19,13298;19,21594;19,3561;19,53243;19,67577;19,83635;19,95427;20,11536;20,19238;20,35597;20,45332;20,53226;20,65394;20,75544;20,77349;20,91378;20,97456;21,23418;21,25345;21,27382;21,47325;21,61437;21,65584;21,79223;21,91446;21,95261;22,01493;22,17455;22,23541;22,41278;22,43315;22,49464;22,77516;22,8543;23,07379;23,21374;23,29555;23,35368;23,57461;23,57461;23,81469;23,8526;23,91217;24,03246;24,09515;24,21636;24,41458;24,63442;24,85365;25,1161;25,31559;25,6132;25,65289;25,81538;25,85325;25,99574;26,17396;26,39465;27,11321;27,1552;27,69467;28,07229;28,11375;28,37468;28,85466;29,09546
250;32,40007;1,054051;1,253474;1,476845;1,695615;1,695615;1,815321;1,976792;2,094506;2,254982;2,375929;2,537051;2,551532;2,593596;2,714111;3,052894;3,230443;3,331564;3,491293;3,796778;3,855819;3,892344;4,094945;4,255309;4,357317;4,414193;4,434808;4,656676;4,656676;4,792828;4,856007;4,911604;5,014573;5,15232;5,195536;5,333591;5,376159;5,433787;5,455771;5,675104;5,855856;5,954117;6,012827;6,097231;6,173603;6,294157;6,3117;6,416268;6,473152;6,673822;6,695324;6,776332;6,975796;7,093491;7,197039;7,274416;7,514602;7,575638;7,714631;7,791307;7,874888;7,892165;7,975718;8,017065;8,111387;8,155895;8,236966;8,491853;8,514299;8,653873;8,754308;8,775928;8,912749;9,115595;9,115595;9,374456;9,412679;9,553036;9,575339;9,631714;9,693379;9,811844;9,994265;10,01519;10,11631;10,1752;10,29408;10,39559;10,43509;10,49367;10,63549;10,69351;10,73718;10,8963;10,99588;11,03663;11,09444;11,19063;11,355;11,49707;11,51349;11,6351;11,71704;11,755;12,01323;12,07712;12,17595;12,19582;12,31601;12,37237;12,41702;12,49712;12,55685;12,63543;12,65497;12,73325;12,97488;13,03697;13,17543;13,21673;13,43676;13,57282;13,697;13,73351;13,89538;13,9566;13,99719;14,19705;14,27645;14,37616;14,41688;14,59387;14,6554;14,75525;14,77346;14,97624;14,99464;15,23659;15,23659;15,33409;15,35324;15,53538;15,5748;15,73669;15,93433;15,93433;16,03508;16,09527;16,15274;16,31334;16,43436;16,51328;16,53641;16,57363;16,75523;16,75523;16,87706;16,91416;17,11323;17,27255;17,29328;17,41147;17,79532;17,8555;17,93649;18,01434;18,1356;18,15355;18,29624;18,33319;18,41444;18,45554;18,65621;18,73322;18,89567;19,11267;19,13586;19,23692;19,27636;19,43554;19,49669;19,55574;19,63595;19,83488;19,89521;19,91347;20,11339;20,15684;20,19476;20,41539;20,45351;20,45351;20,47509;20,63481;20,77413;20,79606;20,89324;20,99412;21,07286;21,15578;21,25324;21,39501;21,55693;21,59205;21,79477;21,79477;21,89529;21,91538;22,15611;22,15611;22,27316;22,4946;22,57685;22,57685;22,91707;23,21312;23,37461;23,47548;23,69341;23,77373;23,87629;24,05672;24,13235;24,41673;24,41673;24,69466;24,87438;25,03662;25,15551;25,25368;25,43728;25,45627;25,61716;25,69607;25,83499;25,93585;26,25397;26,27367;26,55708;26,83369;27,05369;27,21604;27,61599;27,75734;28,0564;28,67656;29,75396;30,2145;30,97435;31,7551;32,39615
250;31,59904;1,033929;1,433255;1,453268;1,774143;1,851525;1,948894;2,032197;2,176168;2,274668;2,317152;2,393374;2,590761;2,853335;2,974496;3,092772;3,133848;3,151749;3,316559;3,490991;3,511269;3,511269;3,732314;3,796874;3,832748;3,916912;4,036191;4,076475;4,276327;4,357268;4,374892;4,533515;4,615511;4,797026;4,972951;5,012976;5,075038;5,135462;5,333894;5,41625;5,575145;5,694889;5,793391;5,816939;5,851923;6,015022;6,056882;6,152564;6,195212;6,395048;6,454437;6,574764;6,610075;6,793191;6,793191;7,012324;7,136955;7,255216;7,255216;7,336894;7,672225;7,672225;7,856905;7,917252;7,917252;7,934572;8,054627;8,215471;8,314393;8,394099;8,477167;8,532769;8,637153;8,695549;8,85707;8,85707;8,87466;9,13336;9,211665;9,275925;9,370024;9,370024;9,51197;9,552695;9,692885;9,874221;9,874221;9,996878;10,05544;10,05544;10,13635;10,23666;10,35059;10,49393;10,59601;10,61728;10,63334;10,75491;10,81712;10,99517;11,05556;11,07681;11,19154;11,31624;11,33305;11,49512;11,69629;11,71204;11,83727;11,83727;11,97601;12,07697;12,23446;12,29652;12,39312;12,39312;12,63336;12,73284;12,7532;12,9123;12,93436;13,05363;13,23515;13,25611;13,55683;13,69527;13,71581;13,75471;13,77599;13,9555;13,97604;14,07614;14,23575;14,27435;14,41194;14,43346;14,55345;14,95621;14,97682;15,05717;15,1554;15,23674;15,29244;15,39693;15,49467;15,51297;15,79393;15,81413;15,8955;15,91545;16,01663;16,1324;16,1743;16,19442;16,27575;16,43722;16,61492;16,63449;16,73497;16,93371;16,99398;17,11619;17,17554;17,19393;17,25529;17,39529;17,39529;17,55638;17,59516;17,61565;17,71467;17,77591;17,89491;17,95531;18,0164;18,05348;18,25459;18,35602;18,39412;18,55427;18,59558;18,63215;18,77332;18,93403;18,95387;19,0332;19,09446;19,37327;19,39271;19,45678;19,69581;19,71501;19,87261;19,93666;20,07571;20,17665;20,31364;20,45705;20,61713;20,61713;20,63619;20,8938;21,01267;21,05525;21,25556;21,47727;21,53327;21,83505;21,97701;22,09552;22,11455;22,31294;22,33711;22,49613;22,63468;22,83427;23,41392;23,51664;23,7324;23,81632;23,99695;24,09463;24,41435;24,49525;24,57286;24,73715;24,95454;25,05651;25,07617;25,21657;25,39356;25,41223;25,57524;25,93411;26,05648;26,39311;26,5536;26,63693;26,93415;27,09537;27,23492;27,71715;27,73368;27,89695;28,29406;28,67665;29,3144;29,35461;29,73546;30,97364;31,59492
250;29,99996;1,017956;1,436399;1,436399;1,573431;1,857825;1,893912;2,015309;2,015309;2,333356;2,35757;2,397609;2,61115;2,675957;2,7123;2,895231;2,917966;3,177709;3,21567;3,234441;3,275314;3,393343;3,417329;3,594413;3,678224;3,678224;3,678224;3,812885;3,973637;4,03319;4,155032;4,172983;4,35808;4,417933;4,478268;4,478268;4,615593;4,815641;4,855352;4,953476;5,09661;5,136159;5,393663;5,416643;5,495132;5,555977;5,717057;5,816282;5,816282;6,034961;6,073288;6,217759;6,33268;6,33268;6,456781;6,633099;6,715385;6,855253;6,916453;7,075477;7,193841;7,276635;7,377621;7,377621;7,495663;7,614482;7,655974;7,996582;8,077705;8,177992;8,29406;8,515237;8,53786;8,658252;8,716619;8,837036;8,933915;8,957517;9,117397;9,196643;9,217214;9,314889;9,375443;9,437345;9,475199;9,554857;9,617243;9,775652;9,857163;10,03483;10,03483;10,27553;10,41558;10,43726;10,49247;10,5979;10,75639;10,75639;10,89374;11,03753;11,17306;11,1933;11,23346;11,27376;11,37361;11,41608;11,55624;11,6126;11,65582;11,75382;11,93566;11,9781;12,01351;12,03405;12,23588;12,33744;12,33744;12,35708;12,63658;12,75685;12,85307;12,97471;13,07598;13,13712;13,25362;13,39803;13,43766;13,55743;13,57786;13,69524;13,71472;13,91629;13,97301;13,99318;14,018;14,31591;14,39806;14,61688;14,67359;14,67359;14,79718;15,01509;15,09361;15,11391;15,27805;15,27805;15,41506;15,4938;15,57442;15,61639;15,83661;15,87539;15,896;16,05727;16,13409;16,1771;16,23747;16,37648;16,37648;16,51534;16,59714;16,63512;16,8548;17,0166;17,07611;17,17795;17,33759;17,37443;17,51409;17,69468;17,71672;17,73732;17,83385;18,11717;18,13522;18,31764;18,51767;18,53721;18,594;18,61742;18,87675;19,03668;19,05791;19,17564;19,27621;19,3769;19,45818;19,71629;19,75663;19,89575;19,91424;20,07783;20,11821;20,21485;20,3177;20,41731;20,41731;20,57743;20,77515;21,07746;21,13479;21,19429;21,41413;21,41413;21,51705;21,71431;21,77324;21,81568;21,97462;21,99567;22,17743;22,25736;22,35522;22,35522;22,39648;22,61622;22,75787;22,79603;22,85529;22,93803;23,1582;23,19395;23,27393;23,53709;23,63741;23,77668;23,97584;24,11766;24,27467;24,27467;24,47541;24,47541;24,79755;24,8169;24,93599;25,21544;25,55702;25,67789;26,13741;26,15774;26,29647;26,63685;26,75477;27,25471;27,41655;27,49776;27,61653;27,99613;28,23751;29,0165;29,99569
250;33,2197;0,9749379;1,236472;1,375249;1,693233;1,97542;2,017573;2,213409;2,213409;2,516017;2,516017;2,693487;2,716322;2,877463;3,09376;3,194315;3,287258;3,310391;3,331229;3,457638;3,593502;3,635675;3,77575;3,87385;3,957988;4,01531;4,075893;4,256433;4,256433;4,351374;4,373003;4,51672;4,653912;4,754313;4,815487;5,01745;5,092856;5,092856;5,173786;5,314638;5,375597;5,474965;5,497458;5,616322;5,814045;5,854766;6,114861;6,137175;6,194321;6,251661;6,434482;6,474071;6,558205;6,75831;6,837399;6,874379;7,033268;7,136404;7,197562;7,258111;7,354938;7,49826;7,59808;7,658017;7,753908;7,77613;8,014615;8,057219;8,073848;8,138235;8,273404;8,318186;8,397214;8,436526;8,617208;8,653945;8,77593;8,91515;8,933478;8,933478;9,117424;9,155355;9,237642;9,237642;9,497835;9,634532;9,773152;9,836432;9,875936;10,01648;10,03623;10,09348;10,17755;10,31028;10,33213;10,457;10,59388;10,61543;10,73714;10,85797;10,8742;10,9338;10,9338;11,15718;11,17339;11,25388;11,37822;11,61534;11,63626;11,63626;11,71673;11,89679;11,91598;11,95602;11,99474;12,21588;12,33383;12,4568;12,47644;12,53731;12,69377;12,73385;12,79486;12,91758;12,93352;12,97416;13,09814;13,1369;13,3337;13,45796;13,53535;13,77425;13,89495;13,99465;14,03493;14,23546;14,25526;14,31556;14,4177;14,53825;14,67568;14,75662;14,87677;15,03615;15,03615;15,13444;15,21801;15,37431;15,65807;15,71787;15,87632;15,897;15,95418;16,13694;16,23685;16,2764;16,45752;16,61732;16,75423;16,77382;16,83824;17,0358;17,0745;17,15766;17,21694;17,41461;17,47762;17,67496;17,75782;17,87525;18,01809;18,07495;18,11823;18,17704;18,31722;18,33641;18,53594;18,6767;18,73619;18,81695;18,99467;19,01336;19,17799;19,27426;19,3962;19,55686;19,79712;19,8154;19,93501;19,97584;20,1346;20,21804;20,25546;20,49801;20,65717;20,65717;20,79545;20,89356;21,0169;21,09748;21,11663;21,23808;21,51614;21,57693;21,79767;21,93592;21,99644;22,05795;22,45818;22,47761;22,854;22,95813;23,17489;23,1964;23,27509;23,31454;23,45774;23,51548;23,67797;23,7181;24,05364;24,05364;24,13752;24,49789;24,61462;24,89466;24,99553;25,03627;25,45546;25,47719;25,55816;25,9147;25,97683;25,99694;26,45516;26,71783;26,83465;26,85532;27,25742;27,29815;27,73595;27,93491;28,05553;28,39398;28,61706;29,05792;29,5956;30,65728;31,7572;32,05674;33,21552
250;30,28214;1,092278;1,358368;1,572832;1,717168;1,77509;1,854222;1,953681;2,057489;2,057489;2,177227;2,375936;2,394491;2,653163;2,716009;2,858331;3,076173;3,09438;3,117895;3,272443;3,378509;3,413576;3,637294;3,637294;3,774323;3,774323;3,933743;4,032593;4,176104;4,214288;4,373211;4,455402;4,513614;4,634911;4,693281;4,874734;5,015978;5,096908;5,134554;5,277784;5,457337;5,457337;5,51471;5,737193;5,737193;5,795445;5,977484;6,016541;6,191669;6,191669;6,211637;6,297157;6,413702;6,476684;6,634319;6,716703;6,774653;6,774653;6,833885;7,035093;7,076211;7,16999;7,276281;7,276281;7,397215;7,477595;7,636985;7,636985;7,815917;7,855169;7,898109;7,935442;8,054305;8,154163;8,178349;8,335997;8,393516;8,413792;8,512369;8,533366;8,653854;8,753446;8,91337;8,958334;8,998392;9,137589;9,25551;9,357929;9,357929;9,435779;9,634202;9,651433;9,651433;9,718445;9,875079;9,936977;10,01485;10,07782;10,17536;10,29441;10,41368;10,49596;10,51516;10,63788;10,73647;10,81784;11,03552;11,17647;11,19637;11,35833;11,41592;11,45324;11,61279;11,79635;11,87672;11,91495;11,9336;12,11611;12,17316;12,37786;12,51396;12,55784;12,59846;12,71756;12,93497;13,01657;13,03673;13,05481;13,27791;13,27791;13,43858;13,63348;13,67831;13,67831;13,79437;13,95807;14,05609;14,07802;14,13847;14,27498;14,35712;14,47773;14,55838;14,59608;14,67199;14,77777;14,9541;14,99372;15,19724;15,37419;15,41552;15,5946;15,63506;15,67714;15,75744;15,95525;16,01382;16,13676;16,21693;16,23267;16,33547;16,43451;16,47659;16,7756;16,83597;16,91728;17,01744;17,1333;17,21792;17,23408;17,23408;17,39587;17,477;17,57224;17,71496;17,7544;17,85548;17,87787;17,95628;18,13439;18,23751;18,27301;18,31763;18,51428;18,67501;18,67501;18,79791;18,79791;18,99517;19,17398;19,25856;19,33692;19,39782;19,59593;19,59593;19,87693;19,9159;19,97824;20,17372;20,33647;20,4381;20,55771;20,57556;20,65327;20,85762;20,89589;21,15474;21,21759;21,23611;21,41464;21,47721;21,55729;21,69646;21,77168;21,83616;22,0568;22,09734;22,09734;22,4765;22,49535;22,55777;23,15833;23,29811;23,37721;23,41741;23,7582;23,89456;24,1157;24,13344;24,51661;24,57448;24,61513;24,65541;24,83694;24,99744;25,07668;25,41439;25,696;25,73506;25,79659;26,03517;26,15668;26,17595;26,65353;27,23549;27,63682;28,09854;28,27606;29,51739;29,73683;30,27827
250;30,43935;0,993389;1,348966;1,650486;1,694564;1,755059;1,832384;1,99546;2,095127;2,375274;2,394779;2,590604;2,674993;2,893275;2,893275;2,929566;3,231572;3,25422;3,593598;3,633581;3,870328;3,895061;3,949934;4,030498;4,253592;4,490911;4,630752;4,653927;4,751997;4,912341;5,01297;5,034781;5,215617;5,254766;5,353686;5,413863;5,547966;5,568561;5,754076;5,814817;5,896121;5,912962;6,055615;6,09089;6,152429;6,316323;6,553095;6,714435;6,730399;6,77195;7,010993;7,210371;7,232589;7,311947;7,396427;7,454738;7,615915;7,615915;7,654184;7,815354;7,849502;8,05495;8,05495;8,354623;8,535698;8,629429;8,750209;8,872186;8,892742;8,91357;9,113949;9,314348;9,314348;9,473812;9,550046;9,671744;9,695723;9,776369;9,911528;10,09345;10,13057;10,17607;10,3695;10,3695;10,39451;10,61485;10,6321;10,69515;10,75444;10,83081;11,05121;11,21458;11,39615;11,59383;11,6355;11,79258;11,87044;11,89313;11,97416;11,99598;12,0932;12,19172;12,19172;12,27514;12,35599;12,65181;12,6914;12,73314;12,91483;13,1312;13,19321;13,27385;13,45386;13,53305;13,53305;13,63277;13,79182;13,81319;13,95543;14,02889;14,21409;14,27128;14,33377;14,59322;14,63018;14,69121;14,73464;14,85601;14,95052;15,09402;15,17207;15,23427;15,47612;15,59245;15,63202;15,77482;15,97483;15,99446;16,21636;16,23163;16,33105;16,39281;16,45621;16,59363;16,61203;16,71614;17,01348;17,13328;17,21106;17,23157;17,31339;17,41401;17,63385;17,67288;17,79289;17,87443;18,00956;18,07601;18,19296;18,19296;18,3111;18,35005;18,61423;18,61423;18,65406;18,77155;18,91329;18,97214;19,0754;19,11139;19,43509;19,51516;19,5329;19,57073;19,77057;19,91165;20,01586;20,07322;20,15376;20,35317;20,51381;20,55189;20,5918;20,77128;20,85133;20,93463;20,99286;21,1129;21,13278;21,29535;21,31316;21,47161;21,49286;21,5948;21,79625;21,87539;22,07042;22,17588;22,17588;22,21593;22,41524;22,57203;22,59369;22,61418;22,99593;23,05092;23,07394;23,09318;23,29473;23,33194;23,39503;23,45304;23,61446;23,65376;23,79347;23,83481;23,99297;24,03601;24,1314;24,19248;24,43364;24,45275;24,71469;24,87388;25,2131;25,31485;25,39324;25,51592;25,59364;25,97628;26,07483;26,25398;26,41528;26,69244;26,75226;26,86995;27,11363;27,15619;27,33343;27,49448;27,71478;27,9133;28,21418;28,21418;28,57565;28,77514;29,05344;29,07615;29,43516;29,53503;30,43511
250;32,14076;1,231066;1,571885;1,571885;1,750552;1,815878;1,955403;2,049106;2,094225;2,356684;2,371856;2,575758;2,67126;2,695111;2,796567;2,972543;2,996447;2,996447;3,356837;3,416688;3,555397;3,615559;3,649889;3,813858;3,952493;3,952493;3,993786;4,253421;4,395491;4,436264;4,492231;4,573166;4,730526;4,815222;4,85376;5,030121;5,071976;5,095623;5,228105;5,334991;5,387722;5,656065;5,656065;5,696974;5,790489;5,894826;5,894826;6,030858;6,092177;6,132387;6,156872;6,254389;6,37059;6,4125;6,553978;6,896694;6,896694;6,950653;7,044799;7,095392;7,30958;7,352986;7,436355;7,475037;7,791664;7,791664;7,934942;7,955738;7,98972;8,170252;8,170252;8,429958;8,429958;8,555148;8,570472;8,634339;8,8304;8,876627;8,953141;8,991086;9,090599;9,111255;9,254941;9,254941;9,353737;9,410886;9,492138;9,492138;9,65701;9,775489;9,932955;9,954313;10,07393;10,11611;10,25666;10,25666;10,3134;10,43608;10,47142;10,6338;10,6338;10,83288;10,99645;11,03218;11,11513;11,19282;11,31614;11,40967;11,60997;11,63413;11,73708;11,75081;11,81662;12,0122;12,11112;12,17308;12,41498;12,41498;12,41498;12,43616;12,63681;12,73242;12,75314;12,85466;12,87706;12,95708;13,05419;13,25532;13,31558;13,31558;13,51158;13,51158;13,61416;13,85206;13,93656;13,95654;14,23671;14,25539;14,2757;14,43266;14,55336;14,57232;14,8749;14,93429;14,9552;15,07289;15,254;15,27367;15,45519;15,4941;15,4941;15,6343;15,67333;15,93325;15,95588;16,1568;16,23258;16,29337;16,4123;16,5534;16,65351;16,7526;17,01586;17,05563;17,19452;17,21586;17,33707;17,41615;17,47265;17,69531;17,71579;17,91439;17,99617;18,19565;18,21498;18,67428;18,70979;18,77176;18,95596;18,99669;19,15593;19,3156;19,33568;19,45595;19,55333;19,65692;19,67437;19,79179;19,9171;20,03651;20,07662;20,25259;20,35425;20,51342;20,57646;20,69527;20,79611;20,97258;21,0121;21,31316;21,3546;21,43519;21,51431;21,83426;21,85634;21,89466;22,09473;22,27652;22,2939;22,35626;22,61386;22,69253;22,99449;23,01562;23,07639;23,23517;23,41685;23,45463;23,57466;23,81481;23,95519;23,9955;24,19418;24,43189;24,55396;24,65609;24,73581;24,99671;25,05644;25,11378;25,35625;25,57289;25,65661;25,95356;26,15604;26,89433;26,97164;27,09406;27,51632;27,5567;27,75417;27,87445;27,91627;28,33336;28,69714;29,01678;29,33226;29,87441;30,37382;31,17642;32,1365
250;29,87664;0,9720061;1,230886;1,314323;1,589633;1,635983;1,852885;1,914012;1,989402;2,013215;2,236056;2,33605;2,352651;2,530493;2,592513;2,675863;2,691456;2,970234;2,996298;2,996298;3,209224;3,251956;3,272449;3,350457;3,494321;3,516158;3,791418;3,816379;3,85313;3,894754;4,048859;4,112626;4,19302;4,293242;4,354151;4,451793;4,574623;4,712793;4,934648;4,934648;5,073672;5,175968;5,236105;5,271016;5,415588;5,456166;5,511627;5,535336;5,613079;5,753464;5,808844;5,832967;5,991091;6,129306;6,154043;6,275961;6,353605;6,473411;6,573058;6,768309;6,768309;7,275224;7,410234;7,529233;7,7121;7,7121;8,073975;8,11582;8,19322;8,375786;8,413456;8,413456;8,654554;8,654554;8,735264;8,813733;8,855074;8,891129;9,014454;9,134902;9,152966;9,316198;9,394329;9,394329;9,515429;9,651364;9,672994;9,751472;9,891267;10,09634;10,1137;10,13045;10,29246;10,3359;10,41586;10,49391;10,63379;10,85616;10,97609;11,11133;11,19509;11,21576;11,35401;11,39092;11,51125;11,53395;11,61367;11,75169;11,79419;11,89298;11,93353;11,95402;12,01089;12,13376;12,195;12,33638;12,39211;12,47507;12,73345;12,83208;12,99524;13,1158;13,25191;13,35564;13,51456;13,53639;13,67229;13,77089;13,77089;13,77089;13,95081;13,99075;14,07172;14,25173;14,27275;14,31492;14,49308;14,53407;14,5519;14,73592;14,73592;14,77448;14,99147;14,99147;15,03269;15,11476;15,27584;15,31386;15,39615;15,41105;15,61267;15,91364;16,01001;16,03504;16,27637;16,35357;16,43202;16,61423;16,73357;16,73357;16,77032;17,01475;17,09096;17,11203;17,27123;17,39523;17,43635;17,43635;17,61374;17,6306;18,01327;18,0929;18,13212;18,41188;18,43196;18,59162;18,69561;18,89365;18,95293;19,09336;19,17187;19,23541;19,35201;19,5132;19,5334;19,55218;19,65631;19,87303;19,91565;19,95491;20,07548;20,1528;20,17152;20,33436;20,37201;20,3962;20,45328;20,59498;20,61375;20,73296;20,83316;20,95189;20,97351;21,1751;21,19226;21,43412;21,49452;21,65399;21,71196;21,91261;22,05463;22,17361;22,23337;22,35601;22,41472;22,56926;22,61627;22,71416;22,87455;22,95203;23,0536;23,43205;23,5963;23,65315;23,83494;23,91205;23,99467;24,13593;24,15496;24,35569;24,5759;24,59421;24,73495;24,9164;25,07585;25,13572;25,19352;25,4356;25,51357;25,87268;25,91389;26,4345;26,71376;26,83257;26,99596;27,07395;27,51436;27,55616;27,85537;28,13534;29,87328
250;32,16005;1,594778;1,737376;1,817162;1,87873;2,033842;2,118221;2,17822;2,337983;2,436965;2,45609;2,617393;2,734636;2,896248;3,116081;3,17453;3,358696;3,394011;3,419614;3,519388;3,572676;3,598011;3,796617;3,819471;3,956716;3,975281;4,177874;4,177874;4,274159;4,379485;4,479497;4,574694;4,615201;4,679213;4,735913;4,958718;4,958718;5,037887;5,139567;5,257032;5,257032;5,296751;5,396722;5,595721;5,657782;5,798847;5,975795;5,998386;5,998386;6,375453;6,419031;6,458411;6,538408;6,555756;6,738314;6,935999;6,998876;6,998876;7,216029;7,436694;7,596027;7,737747;7,859406;7,898;7,935836;8,036857;8,139744;8,176048;8,314903;8,337029;8,479671;8,479671;8,61629;8,638738;8,735583;8,835489;8,895525;8,997599;9,057061;9,255296;9,377205;9,498189;9,519016;9,698585;9,757364;9,778097;9,837193;9,936799;10,0759;10,23577;10,23577;10,33746;10,39634;10,45483;10,51725;10,69603;10,75548;10,91527;10,95934;11,25881;11,2946;11,31918;11,37312;11,5566;11,67919;11,83766;11,91633;11,9963;12,11921;12,17736;12,2794;12,3575;12,57562;12,75938;12,81536;12,9191;12,9191;13,23869;13,33866;13,45875;13,73915;13,75555;13,89968;13,89968;14,05591;14,257;14,33591;14,39792;14,5588;14,59705;14,69563;14,83554;14,99581;15,03963;15,05805;15,21693;15,23896;15,33578;15,33578;15,51603;15,5786;15,69876;15,77806;15,83935;15,89797;16,01663;16,17849;16,19475;16,25958;16,37553;16,49591;16,51614;16,57896;16,83876;16,95883;17,07543;17,13889;17,23931;17,41593;17,49916;17,51826;17,61575;17,79925;17,83561;17,85897;18,01921;18,01921;18,19794;18,25725;18,25725;18,39882;18,45816;18,53537;18,67914;18,83955;18,89739;18,93892;18,99781;19,11831;19,17883;19,29921;19,37905;19,43592;19,47536;19,69902;19,816;19,85666;19,95965;20,05605;20,19717;20,29814;20,53773;20,55738;20,6162;20,85827;20,99792;21,03587;21,17794;21,33695;21,439;21,53847;21,6561;21,73837;21,77717;21,89491;21,93792;22,13962;22,19798;22,21735;22,49757;22,57662;22,59877;22,67671;22,89609;22,91764;22,93573;23,11798;23,15913;23,27894;23,33673;23,63845;23,69855;23,81918;23,81918;23,99841;24,13858;24,31819;24,37701;24,63966;24,63966;24,77753;24,9586;25,09767;25,15561;25,2581;25,41751;25,49929;25,67939;25,83784;25,87748;26,05597;26,31664;26,6982;26,81706;26,83671;27,19584;27,89666;28,01826;28,69889;30,09979;32,15542
250;30,94074;1,35971;1,594772;1,633511;1,738086;1,878781;1,998448;2,098695;2,377021;2,493928;2,493928;2,735734;2,775878;2,838097;3,198248;3,297944;3,435327;3,553664;3,739159;3,778661;3,814998;3,937305;3,978965;3,99599;4,199342;4,252796;4,299333;4,418179;4,478018;4,575934;4,658621;4,817074;4,895512;4,916232;4,95361;5,117999;5,219525;5,277168;5,33588;5,379171;5,459502;5,538814;5,636163;5,752851;5,777322;6,075622;6,119419;6,275651;6,29603;6,497075;6,519648;6,714497;6,859561;6,995258;7,018086;7,197163;7,357836;7,357836;7,379219;7,397952;7,698778;7,779164;7,896702;8,039334;8,357129;8,398172;8,717476;8,818025;8,818025;9,039613;9,095406;9,138677;9,278993;9,375953;9,39764;9,419588;9,557044;9,735707;9,735707;9,735707;9,874772;9,914648;9,998298;10,09806;10,11473;10,19621;10,33807;10,41506;10,47685;10,55864;10,57585;10,79525;10,97959;11,05447;11,13853;11,25924;11,31663;11,45756;11,49551;11,5356;11,65812;11,75582;11,81768;11,87793;11,97746;12,01885;12,25657;12,51742;12,63538;12,67969;12,79575;12,95524;12,97598;13,11543;13,1572;13,17827;13,25549;13,31671;13,47832;13,49609;13,55773;13,6557;13,71769;13,91887;14,05709;14,07783;14,15572;14,1951;14,31741;14,4554;14,49503;14,59575;14,59575;14,83501;14,95617;15,11555;15,31719;15,33649;15,35559;15,4392;15,71798;15,73744;15,83718;16,13761;16,27945;16,35682;16,45772;16,51916;16,65674;16,85702;17,056;17,07603;17,07603;17,11915;17,31944;17,35589;17,45702;17,55903;17,55903;17,89586;17,89586;18,11689;18,15544;18,21601;18,35945;18,49735;18,49735;18,57722;18,75752;18,95821;19,03773;19,09856;19,09856;19,3982;19,3982;19,47613;19,87719;19,8982;19,95676;20,0774;20,11581;20,29656;20,41582;20,53683;20,59561;20,69795;20,8764;20,8764;20,95529;21,03975;21,11767;21,19658;21,3582;21,37951;21,53744;21,57544;21,65627;21,69965;21,87938;22,11693;22,25933;22,3573;22,49959;22,69606;22,79906;22,89483;22,97889;23,15787;23,17926;23,29857;23,57812;23,57812;23,59649;23,63924;23,87641;23,89855;23,95737;24,03477;24,11639;24,13896;24,31923;24,35775;24,43875;24,57927;24,61684;24,75884;24,77599;24,95961;25,05751;25,23647;25,39607;25,63626;25,77543;26,33799;26,59865;26,93662;27,11616;27,25892;27,29711;27,73647;27,75797;28,03571;28,39896;28,53959;28,59921;28,67606;29,11943;29,25854;29,43881;30,61555;30,93649
250;31,06202;1,311918;1,470408;1,67625;1,759009;1,794618;1,971554;2,03541;2,295798;2,295798;2,375903;2,417384;2,677227;2,937669;3,116228;3,158106;3,216749;3,296844;3,397684;3,41448;3,41448;3,654355;3,757675;3,892867;3,997961;4,196654;4,334802;4,434451;4,598392;4,735944;4,793421;4,955705;5,018499;5,255246;5,27429;5,456581;5,597599;5,597599;5,753895;5,876994;5,897068;6,057407;6,075017;6,17735;6,318127;6,497827;6,636608;6,655391;6,756716;6,914912;6,974903;6,997633;7,092656;7,215188;7,493796;7,574455;7,675855;7,733326;7,894029;8,03811;8,134582;8,197594;8,336459;8,357611;8,476176;8,53863;8,556052;8,577537;8,698483;8,815795;8,815795;8,976887;9,014219;9,138025;9,177606;9,294279;9,375759;9,415651;9,436589;9,717601;9,734882;9,753568;9,954248;10,03865;10,17797;10,373;10,63595;10,6781;10,89879;10,97475;11,07879;11,17502;11,3342;11,39542;11,39542;11,69722;11,73437;11,95894;11,99498;12,11395;12,29771;12,53615;12,59566;12,69549;12,8539;13,03715;13,25753;13,31897;13,35596;13,45491;13,51582;13,55411;13,81792;13,87521;13,89634;13,93708;14,15903;14,23501;14,25599;14,2937;14,35847;14,47492;14,51532;14,69887;14,75756;14,75756;14,85421;14,95758;15,07481;15,21735;15,2587;15,37577;15,4551;15,55713;15,57719;15,71587;15,73636;15,91634;15,91634;15,93668;16,01814;16,11688;16,27397;16,35431;16,41616;16,6189;16,71618;16,758;16,81572;17,13518;17,23884;17,29709;17,47806;17,53873;17,77595;17,87527;17,95694;17,97734;18,09533;18,1987;18,25485;18,39572;18,65507;18,69738;18,83783;19,03688;19,11871;19,13817;19,27457;19,45666;19,45666;19,57859;19,63385;19,91668;20,01513;20,03688;20,11739;20,21758;20,33622;20,39497;20,45589;20,47784;20,6364;20,71865;20,89694;21,05482;21,29707;21,43742;21,47764;21,57859;21,63605;21,69842;21,87828;22,01776;22,11501;22,15735;22,19753;22,33506;22,43555;22,49902;22,51502;22,6986;22,73839;22,83747;22,99776;23,17815;23,19691;23,33673;23,45595;23,536;23,63903;23,67783;23,81789;23,87639;24,11653;24,17554;24,21542;24,37704;24,61759;24,71443;24,75904;24,85537;24,95717;25,05766;25,19881;25,23664;25,39604;25,5554;25,75664;25,99848;26,19598;26,43878;26,57841;26,63561;26,81609;27,01818;27,35799;27,53769;27,77532;28,05684;28,19852;28,39789;28,43695;28,65752;28,77703;28,87576;29,03881;29,6983;30,03866;30,53773;31,05801
250;30,31849;0,9560833;1,31542;1,513034;1,532716;1,553263;1,836845;1,995507;1,995507;2,074639;2,233944;2,25307;2,351873;2,556028;2,616349;2,83668;2,896852;3,135586;3,295446;3,373079;3,396563;3,496757;3,573763;3,71634;3,792381;3,83342;3,991586;4,115026;4,31615;4,355594;4,436688;4,653011;4,673858;4,796894;4,893067;4,916215;4,99472;5,394133;5,535079;5,635062;5,734548;5,751746;5,91324;5,972361;6,011792;6,148357;6,191253;6,334429;6,476995;6,613367;6,656373;6,832714;6,832714;6,894793;7,197043;7,335001;7,492698;7,515564;7,594092;7,993244;8,016795;8,016795;8,234474;8,416979;8,433513;8,691897;8,754573;8,812439;9,036119;9,116051;9,233692;9,474089;9,496497;9,612638;9,776846;9,776846;9,933555;10,03492;10,07223;10,11574;10,17496;10,37428;10,45685;10,53704;10,57444;10,67255;10,77417;10,85264;10,87592;11,07335;11,11655;11,11655;11,39386;11,55338;11,5951;11,5951;11,77404;11,79448;11,87405;12,03402;12,07611;12,11222;12,39461;12,39461;12,4537;12,47445;12,77265;12,77265;12,91289;13,03302;13,05622;13,09517;13,19229;13,2925;13,35585;13,47687;13,5153;13,61602;13,67416;13,73353;13,81606;14,01473;14,2126;14,41294;14,43323;14,4529;14,47345;14,77557;14,87387;14,97653;15,01596;15,11642;15,27589;15,33693;15,35622;15,55661;15,61516;15,7165;15,79027;15,95072;16,09134;16,13626;16,27485;16,33357;16,35324;16,49586;16,53403;16,59335;16,61312;16,81652;16,9937;17,0767;17,21574;17,23579;17,49629;17,49629;17,53383;17,53383;17,73448;17,77529;17,89315;17,91536;17,99697;18,15528;18,51225;18,61695;18,61695;18,79535;18,79535;18,99653;19,13557;19,13557;19,25611;19,47363;19,53686;19,59612;19,79649;19,85604;19,91608;20,09523;20,09523;20,27619;20,4157;20,45583;20,77506;20,81478;20,91403;21,05629;21,13328;21,27227;21,27227;21,27227;21,45453;21,63573;21,65388;21,77227;21,99339;22,25464;22,29628;22,41513;22,41513;22,61436;22,65417;22,79526;22,93659;23,01236;23,21635;23,45285;23,45285;23,71334;23,77277;23,97407;23,97407;24,15588;24,21261;24,25463;24,41243;24,47495;24,69676;24,75399;24,93477;25,05544;25,0734;25,21288;25,25516;25,45302;25,57547;25,6353;25,67501;25,8558;25,87424;26,03293;26,05537;26,31567;26,33682;26,5962;26,75321;27,17333;27,25348;27,41529;27,55418;27,63545;27,91606;27,93671;28,27672;28,3354;28,73487;29,15679;29,39457;29,59372;30,31515
250;31,54021;0,9380605;1,250654;1,317596;1,594218;1,697908;1,778293;1,833454;1,974993;2,111691;2,170281;2,257888;2,354572;2,413457;2,453495;2,63693;2,758188;2,795887;2,977646;3,032651;3,136018;3,152962;3,152962;3,357695;3,37138;3,516586;3,557081;3,57448;3,818104;3,875921;4,015153;4,177089;4,433586;4,496831;4,596265;4,698387;4,757283;4,917659;4,974078;5,077379;5,077379;5,25551;5,337019;5,354206;5,59675;5,59675;5,696834;5,857669;5,975311;6,016856;6,114378;6,198431;6,235916;6,414991;6,535946;6,552486;6,613352;6,635137;6,795697;6,817587;6,914528;7,015273;7,033644;7,236768;7,236768;7,354589;7,375699;7,438227;7,494385;7,627705;7,775885;7,896482;7,97822;7,993935;8,177231;8,177231;8,318016;8,333834;8,393226;8,478137;8,676147;8,676147;8,776054;8,997105;9,096253;9,234678;9,234678;9,397021;9,436331;9,477246;9,496134;9,593219;9,697358;9,735034;9,83371;10,05571;10,07273;10,11775;10,31676;10,39788;10,55839;10,55839;10,57493;10,81488;10,83462;10,83462;11,05812;11,11691;11,11691;11,31713;11,37815;11,5367;11,59715;11,67737;11,79475;11,8146;11,85638;11,9156;12,1774;12,1774;12,2541;12,45494;12,47608;12,51518;12,55429;12,73449;12,75809;12,77481;13,01551;13,03628;13,15788;13,17773;13,29428;13,33413;13,57651;13,57651;13,6971;13,79836;14,03722;14,05753;14,07685;14,15559;14,27444;14,3747;14,41473;14,61785;14,67745;14,77445;14,77445;14,95611;15,03604;15,15696;15,21754;15,3376;15,35347;15,5971;15,75371;15,8159;15,97735;15,99753;16,07424;16,19634;16,23521;16,2783;16,4182;16,43752;16,55717;16,65677;16,87709;17,05824;17,23587;17,25401;17,25401;17,37759;17,61484;17,61484;17,75787;17,9372;18,01754;18,1355;18,1355;18,49449;18,59514;18,61479;18,7784;18,81568;18,93735;19,03826;19,15619;19,21375;19,33459;19,4147;19,59562;19,63811;19,71783;19,99742;20,01491;20,05709;20,07661;20,3182;20,35346;20,43768;20,49802;20,61582;20,67681;20,89618;21,05787;21,05787;21,23805;21,51751;21,7567;21,77291;21,81813;22,03838;22,05537;22,09518;22,23668;22,3544;22,49452;22,81808;22,8771;23,07591;23,13538;23,23351;23,49718;23,57536;23,59761;23,69556;23,89749;23,9781;24,1379;24,21518;24,45441;24,53477;24,73642;24,77761;24,83747;25,0153;25,0973;25,25544;25,45706;25,7772;25,79722;26,23585;26,67701;26,89533;27,19422;27,31518;28,57542;28,99762;31,53513
250;31,3586;1,077848;1,338075;1,452453;1,557166;1,633315;1,69531;1,817241;1,817241;2,154936;2,154936;2,217806;2,251742;2,351701;2,413359;2,516699;2,637456;2,714846;2,714846;2,775321;2,994664;3,013597;3,077071;3,150704;3,274065;3,334973;3,435744;3,511269;3,635185;3,635185;3,716551;3,873618;3,891776;4,01726;4,257767;4,294698;4,395702;4,412607;4,678122;4,697281;4,697281;4,735205;4,890317;5,074275;5,074275;5,136746;5,256989;5,354602;5,373646;5,45733;5,557155;5,634249;5,756303;5,87321;5,977065;6,013897;6,174537;6,174537;6,31616;6,334433;6,472307;6,550883;6,696475;6,696475;6,857991;6,936894;7,035146;7,175998;7,255506;7,516308;7,67531;7,715385;7,853485;7,876397;8,058144;8,058144;8,117126;8,414434;8,455587;8,478177;8,677489;8,717534;8,853974;8,853974;8,956831;9,115966;9,214285;9,277858;9,297888;9,497105;9,51711;9,655581;9,71727;9,755342;9,816051;10,07543;10,09171;10,13586;10,17708;10,43349;10,45407;10,47442;10,67741;10,73401;10,75639;10,97488;11,03424;11,25627;11,41774;11,51747;11,55658;11,63377;11,69559;11,83708;11,89416;11,95717;12,11588;12,13569;12,35799;12,57757;12,63558;12,83543;12,97676;12,97676;12,97676;13,13634;13,23425;13,43488;13,43488;13,53805;13,63541;13,7129;13,75711;13,85704;14,09206;14,11806;14,11806;14,23666;14,35721;14,35721;14,4956;14,4956;14,61376;14,83685;14,85414;14,89709;14,91249;15,19633;15,29606;15,33517;15,45751;15,59574;15,63777;15,69658;15,85655;15,87676;15,99445;16,03764;16,13659;16,27759;16,43772;16,57769;16,71644;16,85522;16,87645;16,99417;17,05444;17,41774;17,51518;17,6165;17,79403;17,81801;17,91573;18,07584;18,11427;18,21684;18,33772;18,39753;18,49363;18,63493;18,79395;18,83578;18,9979;19,0338;19,27637;19,39808;19,59391;19,61686;19,7576;19,9579;20,07552;20,33534;20,37518;20,41617;20,47485;20,63617;20,81656;20,91451;20,93687;21,23447;21,29718;21,31598;21,43677;21,676;21,91411;21,93761;21,97461;22,09652;22,17742;22,45693;22,51767;22,53791;22,57383;22,75757;22,99616;23,09639;23,17705;23,31409;23,39783;23,57724;23,63703;23,79563;24,09633;24,17388;24,27619;24,43696;24,69483;24,83654;24,91432;25,17607;25,27687;25,33507;25,45683;25,81577;25,89635;26,17762;26,29625;26,57684;26,79712;27,05564;27,25657;27,65587;27,81062;27,87628;28,3357;28,63798;28,63798;29,4149;29,71595;30,61689;31,3548
250;30,46195;1,115908;1,354849;1,67349;1,719259;1,759532;1,979032;2,039162;2,138669;2,155786;2,336145;2,377517;2,538754;2,579661;2,757733;2,798984;2,971003;3,014856;3,238318;3,418559;3,418559;3,478386;3,815687;3,896217;3,975214;4,059781;4,077511;4,198727;4,315141;4,438486;4,477998;4,535178;4,63919;4,718962;4,999855;5,017685;5,099432;5,099432;5,479117;5,515294;5,69873;5,793166;5,853501;5,919481;5,959755;6,018337;6,23599;6,257523;6,33853;6,455588;6,638943;6,716031;6,736152;6,839717;7,099319;7,099319;7,255773;7,338702;7,356837;7,518932;7,518932;7,539819;7,635378;7,695442;7,818763;7,896794;7,959243;8,107803;8,155884;8,299328;8,299328;8,396577;8,577901;8,615122;8,658331;8,736031;8,978552;9,017647;9,299945;9,376704;9,576753;9,657982;9,697824;9,898054;9,955593;10,03984;10,13977;10,21924;10,29967;10,39981;10,43656;10,47656;10,75732;10,77771;10,87971;11,03564;11,15641;11,27561;11,31822;11,33818;11,51966;11,65854;11,81765;11,81765;11,8594;12,03848;12,07747;12,11748;12,17691;12,31998;12,3363;12,41895;12,45981;12,57706;12,57706;12,73982;12,83447;12,93664;13,15961;13,29897;13,31853;13,61665;13,61665;13,87979;13,97757;14,01856;14,23848;14,23848;14,29756;14,39651;14,55779;14,55779;14,59836;14,69991;14,85691;14,97536;15,01857;15,15588;15,319;15,33605;15,3758;15,49742;15,57572;15,89684;16,05631;16,17926;16,2398;16,29807;16,47853;16,53777;16,69901;16,71839;16,81572;16,89875;17,17706;17,2377;17,29932;17,49911;17,51924;17,75645;17,75645;17,77904;17,99949;18,11578;18,19832;18,27874;18,27874;18,55592;18,59908;18,73779;18,87583;18,9174;19,21817;19,27766;19,33756;19,43977;19,49673;19,5545;19,5545;19,8569;19,87971;19,93696;20,03759;20,25527;20,27939;20,31629;20,4974;20,55789;20,71638;20,87606;20,95701;21,21743;21,39785;21,49584;21,63868;21,75806;21,81881;21,95755;22,23553;22,27736;22,33888;22,41852;22,55743;22,65566;22,73678;22,75405;22,83755;22,99968;22,99968;23,29922;23,35597;23,41557;23,55552;23,69756;23,71586;23,91973;24,19531;24,23938;24,27806;24,39717;24,45605;24,63733;24,63733;24,89537;24,91739;25,1364;25,23932;25,37881;25,57577;25,71863;25,81729;25,93807;26,01754;26,0986;26,29825;26,45995;26,73827;26,8562;27,0565;27,15596;27,43821;27,49811;27,67649;27,85613;28,49752;28,5167;28,77847;29,03984;29,59903;29,6185;30,45722
250;29,59987;1,115733;1,355657;1,511177;1,576711;1,755487;1,876171;2,052727;2,336188;2,396454;2,516691;2,637485;2,694715;2,733859;2,873664;2,873664;2,997838;3,13802;3,13802;3,233164;3,31093;3,376979;3,413473;3,613085;3,734249;3,734249;3,916471;4,076415;4,093931;4,23453;4,455691;4,476884;4,571406;4,59086;4,756994;4,837207;4,997366;5,07664;5,153596;5,153596;5,357595;5,456139;5,456139;5,615833;5,674435;5,773766;5,913611;5,976847;5,993598;6,173989;6,216966;6,273558;6,337013;6,453256;6,572757;6,630354;6,696012;6,874758;7,014519;7,036709;7,154566;7,174356;7,392567;7,476748;7,49284;7,531942;7,693851;7,854144;8,017665;8,017665;8,056;8,114687;8,294837;8,375879;8,397929;8,514332;8,653782;8,697643;8,795402;8,837475;9,05737;9,116079;9,116079;9,276474;9,377986;9,39779;9,517924;9,734284;9,776428;9,91384;9,954926;10,07642;10,15333;10,25556;10,31659;10,45747;10,55703;10,57712;10,71654;10,77469;10,91611;10,93729;11,09633;11,29694;11,39326;11,45543;11,51566;11,57698;11,81484;11,93572;11,93572;12,13375;12,35615;12,53655;12,53655;12,65444;12,7579;12,89734;12,95662;13,17611;13,19683;13,37412;13,39608;13,43471;13,51776;13,57385;13,61657;13,77493;13,81796;13,83462;13,99507;14,05496;14,09607;14,11708;14,27795;14,39729;14,47347;14,49773;14,65617;14,67709;14,85452;14,87464;14,91447;14,93764;15,11767;15,15581;15,17759;15,2171;15,31527;15,41662;15,55552;15,55552;15,57608;15,87582;15,87582;16,13477;16,17311;16,23624;16,41689;16,41689;16,53796;16,55682;16,77433;16,89779;16,89779;17,11391;17,19487;17,35636;17,45594;17,55461;17,57451;17,73497;17,77382;17,85616;17,93544;18,01613;18,05419;18,15658;18,33455;18,43657;18,67596;18,69487;18,85719;19,05589;19,07732;19,09657;19,25789;19,35554;19,5358;19,71569;19,81612;19,89167;20,07638;20,0956;20,29415;20,33773;20,45457;20,61456;20,65766;20,69674;20,81635;21,07637;21,11617;21,356;21,39734;21,75638;21,75638;21,85554;21,99736;22,13733;22,21803;22,25767;22,3964;22,49683;22,49683;22,65407;22,71713;22,89447;22,97758;23,09408;23,15592;23,35676;23,37345;23,55542;23,61564;23,71798;23,73434;23,87594;23,91592;24,11575;24,17698;24,39573;24,49345;24,57788;24,79528;24,81795;24,83384;25,15505;25,27525;25,49435;25,51706;25,89465;25,99675;26,15669;26,55534;26,61614;26,89488;27,49799;27,85678;28,41795;29,59569
250;29,90135;1,154663;1,358125;1,492998;1,597648;1,733367;1,773994;1,954832;1,998186;2,093799;2,257027;2,426305;2,449288;2,47818;2,757822;2,793975;2,817595;2,976622;3,036112;3,177549;3,177549;3,214347;3,275928;3,393759;3,435355;3,453305;3,63779;3,673223;3,673223;3,733857;3,931828;4,013743;4,033642;4,113379;4,254492;4,333851;4,376759;4,432162;4,53635;4,697256;4,754154;4,795402;4,81806;5,097025;5,113454;5,175628;5,272785;5,373992;5,496322;5,513415;5,816832;5,913553;5,913553;6,034189;6,19775;6,353863;6,416614;6,634175;6,755266;6,854879;6,953748;6,976199;7,016125;7,357038;7,357038;7,396452;7,452899;7,595098;7,595098;7,653759;7,814913;7,992884;7,992884;8,07735;8,177171;8,236286;8,375635;8,43683;8,555202;8,65506;8,693775;8,718084;8,855973;8,973952;9,097323;9,176169;9,334449;9,35745;9,437901;9,575268;9,715276;9,7782;9,938094;9,97813;10,09787;10,11374;10,23678;10,29669;10,41344;10,4762;10,77358;10,79549;10,85601;10,87786;11,15461;11,31463;11,37698;11,41364;11,59597;11,6172;11,69647;11,73414;11,93624;11,93624;12,19439;12,3355;12,45661;12,53791;12,55806;12,69428;12,85519;12,91621;13,13358;13,17642;13,17642;13,39727;13,47467;13,51673;13,5372;13,75702;13,75702;13,91463;14,01635;14,13686;14,15762;14,21572;14,29633;14,33441;14,51387;14,55493;14,77453;14,85693;14,85693;14,95377;15,07598;15,13499;15,1941;15,21386;15,39519;15,43389;15,55534;15,57517;15,6348;15,71488;15,8954;16,03468;16,39403;16,4355;16,75485;16,77801;16,77801;16,85362;17,13768;17,15515;17,25703;17,43647;17,53417;17,55406;17,55406;17,83748;18,05626;18,05626;18,09435;18,09435;18,28965;18,3374;18,35388;18,55334;18,61797;18,83472;18,85697;19,05759;19,11547;19,2734;19,33749;19,53725;19,59542;19,59542;19,61687;19,75472;19,95676;20,07395;20,13444;20,29671;20,37466;20,39382;20,53501;20,79649;20,85789;21,0355;21,11362;21,21342;21,3748;21,57771;21,67483;21,69725;21,93767;22,31493;22,33693;22,47819;22,5172;22,57723;22,65405;22,71621;22,87805;22,95567;23,03612;23,3735;23,47761;23,55585;23,63638;23,73455;23,91739;24,05753;24,05753;24,2142;24,35626;24,37365;24,51537;24,59434;24,81776;24,83522;25,13425;25,17567;25,31566;25,45766;25,47527;25,65796;25,81722;25,83514;26,11436;26,33721;26,47763;26,77722;26,79428;27,15751;27,15751;27,99779;28,07635;28,63567;29,89798
250;29,9975;1,455104;1,473074;1,594369;1,812908;1,91676;1,973914;2,110123;2,351156;2,351156;2,51276;2,632344;2,656608;2,79455;2,849205;2,936811;3,0927;3,113532;3,152329;3,293618;3,371404;3,534913;3,534913;3,676131;3,712041;3,812238;3,812238;3,912704;3,993303;4,056201;4,154741;4,231711;4,231711;4,375899;4,571974;4,672091;4,773181;4,848699;4,868841;5,072017;5,156758;5,234625;5,39493;5,412121;5,572111;5,67654;5,67654;5,876321;6,016006;6,212747;6,373533;6,394744;6,411312;6,513109;6,594635;6,675006;6,850036;6,913968;6,932471;6,932471;7,214351;7,330616;7,354454;7,391939;7,596162;7,676435;7,833794;7,833794;7,853757;7,932974;8,011776;8,0735;8,136184;8,25309;8,275075;8,294992;8,474718;8,592561;8,696681;8,771764;8,896205;8,91238;9,015384;9,175014;9,213717;9,27122;9,436184;9,472965;9,595168;9,616591;9,696013;9,775344;9,875579;9,875579;9,995353;10,07414;10,15371;10,2133;10,35494;10,3961;10,41196;10,59321;10,61189;10,63444;10,83124;10,83124;10,89441;11,0559;11,11678;11,13629;11,33328;11,35671;11,45521;11,47562;11,63418;11,7524;11,83324;11,97256;11,97256;12,05558;12,09557;12,27371;12,37563;12,37563;12,41453;12,55372;12,71494;12,93571;12,99666;13,0718;13,27599;13,35186;13,43388;13,63424;13,67266;13,77531;13,85632;14,01281;14,09292;14,21295;14,29198;14,43675;14,51354;14,53248;14,67606;14,69204;14,81419;14,83407;14,9529;15,21629;15,23504;15,39564;15,47538;15,53509;15,57675;15,63616;15,97317;16,05351;16,31633;16,33547;16,33547;16,51517;16,59416;16,65525;16,67451;16,87533;17,11412;17,17619;17,19455;17,21202;17,35398;17,49415;17,63441;17,77514;17,79581;17,83665;18,03429;18,15464;18,21402;18,23658;18,27239;18,4934;18,67399;18,71595;18,77427;18,91488;19,03609;19,1517;19,17463;19,45335;19,47516;19,51526;19,71636;19,71636;19,79332;19,93496;20,01648;20,13413;20,21544;20,27313;20,41575;20,59607;20,63322;20,69451;20,83528;21,013;21,19562;21,35287;21,43589;21,57686;21,69364;21,73612;21,85492;22,13458;22,15313;22,23576;22,39643;22,53417;22,57506;22,6536;22,8153;23,11603;23,25469;23,29673;23,49503;23,63577;23,77599;23,93628;23,9743;24,27466;24,35557;24,4549;24,63398;24,715;24,75563;25,23593;25,25422;25,2935;25,67564;25,8339;25,95588;26,09382;26,1552;26,23462;26,37657;26,69498;26,93537;26,99381;27,89538;28,21444;29,99411
250;29,82146;1,194953;1,335622;1,477828;1,715351;1,858694;1,894864;1,999341;2,195425;2,334996;2,474716;2,637111;2,777564;2,897385;3,035904;3,375076;3,496863;3,597793;3,798198;3,977391;4,094884;4,137128;4,319011;4,354979;4,554546;4,616139;4,853909;4,937888;5,035804;5,137786;5,254823;5,316803;5,353397;5,517405;5,719382;5,719382;5,977161;6,058954;6,154032;6,217501;6,457094;6,53659;6,53659;6,59586;6,777684;6,935894;6,959409;7,078732;7,11403;7,175951;7,318913;7,395527;7,4392;7,59785;7,89854;7,936945;7,997986;8,17934;8,338106;8,438634;8,554282;8,554282;8,619299;8,838875;8,857101;8,897252;8,975839;9,058933;9,096969;9,213328;9,298398;9,298398;9,43469;9,518555;9,61578;9,797845;9,819041;9,894886;9,994474;10,0394;10,09918;10,23854;10,29489;10,41371;10,47831;10,65593;10,69729;10,85829;10,89676;11,03719;11,05869;11,07936;11,19876;11,27765;11,37924;11,4368;11,47689;11,6986;11,81554;11,91839;11,99489;11,99489;12,23531;12,27858;12,31729;12,49879;12,57915;12,67614;12,69772;12,89513;13,07939;13,09526;13,17707;13,33556;13,51527;13,51527;13,65484;13,818;13,95791;14,15439;14,17847;14,21798;14,39575;14,43607;14,45621;14,73822;14,75787;14,77414;14,89513;14,97449;15,09578;15,1163;15,35881;15,41809;15,47585;15,57903;15,67658;15,73676;15,83939;15,9965;16,09856;16,15851;16,39785;16,41614;16,49745;16,53782;16,73845;16,7989;16,97774;17,01714;17,13835;17,19748;17,25554;17,3586;17,41849;17,53531;17,61805;17,69888;17,81929;17,97876;18,01646;18,09878;18,23793;18,33803;18,35776;18,45582;18,5189;18,558;18,67235;18,77547;18,79609;18,85909;18,97698;19,05854;19,11673;19,1559;19,37693;19,49938;19,49938;19,53707;19,73742;19,85466;20,07671;20,09857;20,277;20,39855;20,43916;20,57618;20,71835;20,83735;20,89706;21,05764;21,07909;21,27607;21,33635;21,33635;21,47872;21,57607;21,63779;21,75923;21,87554;21,93906;21,97514;22,03897;22,15382;22,27706;22,31728;22,61815;22,738;23,01899;23,07509;23,35764;23,4975;23,51769;23,69821;23,7989;23,95574;24,1972;24,29462;24,35933;24,41792;24,53633;24,6583;24,85746;24,91699;24,97591;24,97591;25,33598;25,3982;25,61845;25,65833;25,91898;25,91898;26,13882;26,13882;26,35889;26,41501;26,67571;26,79926;27,0581;27,09846;27,15636;27,33671;27,47834;27,75888;27,95508;28,37654;28,63614;29,11645;29,25709;29,81776
250;32,93871;0,9739286;1,496665;1,574847;1,672514;1,691704;1,877544;1,894869;2,056605;2,233118;2,25209;2,515952;2,650099;2,650099;2,795828;2,910484;3,131813;3,131813;3,150724;3,293226;3,477479;3,534721;3,534721;3,630876;3,717264;3,934579;3,975291;4,17274;4,294596;4,294596;4,415359;4,49712;4,75172;4,75172;4,75172;4,85119;4,976025;4,976025;5,196479;5,237685;5,29365;5,555356;5,555356;5,713567;5,83771;5,994539;6,017383;6,075554;6,136421;6,255387;6,493769;6,612165;6,693585;6,717426;6,732635;7,036747;7,116717;7,116717;7,133325;7,293757;7,417472;7,433286;7,516572;7,635881;7,656997;7,734621;7,815439;7,815439;7,855967;7,975285;8,114372;8,136834;8,29571;8,397428;8,412066;8,797221;9,012905;9,153236;9,153236;9,216743;9,356104;9,553147;9,574761;9,69174;9,833155;9,894822;9,953565;10,11761;10,15731;10,37558;10,37558;10,45677;10,49427;10,69619;10,77669;10,89498;11,05507;11,21418;11,21418;11,31426;11,35653;11,55495;11,61579;11,69325;11,73461;11,81613;11,85765;11,99739;12,05395;12,23351;12,2739;12,51721;12,53707;12,59659;12,63339;12,87628;13,01775;13,09466;13,15532;13,15532;13,29582;13,35471;13,41533;13,43573;13,59788;13,67776;13,81174;13,87397;14,15468;14,21465;14,23556;14,39438;14,57731;14,71329;14,89405;14,97357;15,21449;15,35355;15,41666;15,45615;15,51341;15,65641;15,67668;15,8374;15,93636;16,0779;16,0779;16,23633;16,47398;16,4944;16,59414;16,65417;16,75555;16,79789;16,9358;17,13358;17,1752;17,25685;17,396;17,47429;17,67784;17,71569;17,79542;17,99404;18,19464;18,19464;18,21791;18,51649;18,53738;18,65373;18,71728;18,91451;18,95607;19,05783;19,15449;19,27508;19,4371;19,51745;19,61386;19,67415;19,8156;19,89267;19,95439;20,01542;20,11757;20,27696;20,33608;20,5176;20,55574;20,63409;20,65572;20,77775;20,85759;20,8947;21,17461;21,29696;21,29696;21,51588;21,51588;21,71393;21,89343;22,17661;22,25499;22,29735;22,5358;22,63729;22,67718;22,73513;22,89499;22,95762;23,17791;23,17791;23,17791;23,35424;23,41572;23,49766;23,65298;23,67784;23,89652;23,95504;24,11404;24,3767;24,41778;24,67622;24,69374;24,79728;24,83291;24,9755;25,09671;25,11769;25,39605;25,45704;25,65517;25,69381;25,85768;25,97635;26,19532;26,43762;26,55485;26,77702;27,11495;27,25706;27,49784;27,69546;28,33537;28,39745;28,59453;29,27773;29,47736;31,13416;32,9352
250;29,45926;1,336776;1,397459;1,599125;1,618962;1,955025;1,977234;2,232752;2,254256;2,418797;2,437925;2,61626;2,61626;2,91643;2,95512;3,113463;3,257171;3,274954;3,414846;3,576428;3,617871;3,655502;3,818095;3,818095;3,896554;4,077184;4,094403;4,195574;4,218654;4,398839;4,63449;4,797874;4,933939;4,997248;5,195974;5,195974;5,35499;5,377748;5,419152;5,575101;5,637629;5,697116;5,777144;5,793589;5,857068;6,057444;6,095917;6,177529;6,177529;6,317754;6,35684;6,613544;6,713048;6,713048;6,734957;6,85832;6,958995;7,218678;7,296527;7,375296;7,436334;7,576298;7,796327;7,835538;7,934663;7,997721;8,035877;8,097218;8,116917;8,275845;8,275845;8,336351;8,43682;8,535159;8,598598;8,598598;8,635192;8,758796;8,796799;8,97633;9,038012;9,077613;9,296159;9,335457;9,374357;9,597836;9,613911;9,834455;9,878291;9,898231;10,03489;10,07603;10,33651;10,49684;10,5176;10,63845;10,69902;10,75807;10,89693;10,97575;11,05857;11,09766;11,19706;11,29556;11,3384;11,43704;11,53563;11,53563;11,71881;11,79826;11,85603;11,87663;11,95491;12,17875;12,27555;12,35594;12,43897;12,49575;12,59787;12,61886;12,69781;12,83856;12,85849;12,95626;12,99122;13,19693;13,19693;13,23594;13,37592;13,45713;13,57821;13,77375;13,81784;14,07699;14,11724;14,11724;14,17601;14,31462;14,47591;14,51685;14,67553;14,778;14,79827;14,85496;14,93817;15,05727;15,05727;15,11698;15,25689;15,33741;15,3967;15,51428;15,59539;15,73636;15,83819;15,85741;16,01903;16,05539;16,13583;16,15529;16,33517;16,47859;16,51771;16,77649;16,77649;16,83451;16,99737;17,01697;17,15903;17,15903;17,41856;17,4374;17,53874;17,69912;17,7379;17,79877;17,81765;17,97686;18,19766;18,23747;18,33719;18,35907;18,53587;18,6573;18,87885;18,97637;19,0587;19,45885;19,45885;19,53847;19,59614;19,83705;19,99615;20,0166;20,07703;20,21773;20,23787;20,33753;20,37515;20,55806;20,79903;20,79903;20,91551;21,09862;21,31669;21,35793;21,41599;21,55844;21,57642;21,57642;21,77835;21,95829;22,01647;22,05779;22,29672;22,43388;22,55668;22,6776;22,81882;22,87794;22,9739;23,19515;23,25512;23,2957;23,41671;23,53734;23,67877;23,91842;24,11901;24,156;24,49606;24,51825;24,69644;24,83622;24,91586;25,39656;25,39656;25,63569;25,69785;25,91856;25,93638;26,19554;26,41907;26,53745;26,77693;27,01895;27,25893;27,67859;27,775;28,65634;29,45549
250;30,2215;1,511365;1,532566;1,758671;1,814232;2,055324;2,318737;2,356026;2,39641;2,4594;2,695938;2,93718;3,013698;3,213327;3,213327;3,319636;3,399494;3,579322;3,597281;3,693974;3,772762;3,836224;4,138503;4,319538;4,359619;4,377256;4,536727;4,713898;4,737758;4,814905;4,878498;4,994623;5,078978;5,236627;5,472216;5,578655;5,619164;5,756808;5,858324;6,119843;6,176881;6,217988;6,259298;6,476948;6,495602;6,718815;6,77662;6,97918;6,996812;7,158515;7,197588;7,355165;7,436239;7,497156;7,556201;7,595634;7,655791;7,737464;7,838226;7,838226;7,895467;8,013558;8,096271;8,178482;8,195518;8,415865;8,498619;8,558672;8,578878;8,637804;8,855646;8,876775;8,93752;9,017343;9,03897;9,079235;9,239005;9,255995;9,336881;9,576565;9,618977;9,678104;10,03708;10,09724;10,1965;10,25915;10,25915;10,4144;10,47515;10,47515;10,5381;10,63695;10,73978;10,85502;10,97739;10,9985;11,09579;11,29621;11,45732;11,47919;11,59818;11,59818;11,6986;11,83891;11,93645;11,95928;12,09844;12,19823;12,21455;12,23971;12,49568;12,51648;12,5357;12,61536;12,7781;12,93954;12,97912;13,07774;13,11858;13,19943;13,25689;13,29574;13,43974;13,49867;13,57764;13,57764;13,75673;13,77638;13,83722;13,97885;14,13868;14,15506;14,17803;14,2778;14,3587;14,49986;14,51536;14,55895;14,5783;14,75734;14,959;14,99844;14,99844;15,0787;15,25607;15,43792;15,71635;15,71635;15,73907;15,79519;15,95636;16,01741;16,03684;16,09674;16,379;16,379;16,49541;16,65815;16,75925;16,97652;17,05907;17,27638;17,47882;17,59907;17,61804;17,67963;18,03936;18,07715;18,27666;18,47778;18,47778;18,51941;18,6567;18,79551;18,8182;18,83727;18,95787;19,05925;19,1368;19,21723;19,37667;19,47864;19,49655;19,65899;19,7374;19,81939;19,91525;20,05463;20,05463;20,29823;20,37923;20,49641;20,69851;20,79753;20,85532;20,87559;21,27831;21,35725;21,41523;21,43948;21,71837;21,73502;21,7595;21,99943;22,03571;22,11894;22,27871;22,35532;22,49922;22,59667;22,67927;22,89625;22,9164;23,05712;23,23721;23,33844;23,55904;23,57622;23,6784;23,79663;23,8383;23,95753;24,1368;24,15784;24,45971;24,57725;24,5952;24,71552;24,95729;24,97728;25,21539;25,23473;25,45822;25,63599;25,75871;25,87975;26,05605;26,19438;26,41665;26,73761;26,79699;26,81772;27,09696;27,29646;27,51914;28,21737;28,53815;28,73974;28,85741;29,13819;30,21793
250;30,92033;1,376406;1,39365;1,717682;1,735206;1,835363;1,854615;1,995361;2,015918;2,175428;2,255499;2,315784;2,436762;2,573263;2,635054;2,716931;2,953842;2,974204;3,153316;3,236674;3,375991;3,417902;3,518018;3,614116;3,814221;3,937029;4,055629;4,055629;4,113603;4,113603;4,353257;4,393257;4,472443;4,717587;4,835017;4,857946;4,874945;5,135887;5,278119;5,295056;5,392518;5,574319;5,836425;6,034427;6,196005;6,258241;6,51625;6,59335;6,71684;6,837686;6,855362;6,894038;7,315647;7,336955;7,515202;7,677586;7,956903;8,053763;8,194817;8,314977;8,314977;8,498219;8,498219;8,654281;8,755347;8,755347;8,877554;8,877554;9,015973;9,037106;9,198031;9,198031;9,276119;9,296951;9,413682;9,472923;9,617242;9,634428;9,895757;9,976922;10,03671;10,05787;10,23413;10,23413;10,31441;10,51762;10,57341;10,59808;10,67436;10,77812;10,83467;10,99833;11,05711;11,21563;11,41712;11,61595;11,69355;11,81707;11,83766;11,91619;11,99587;12,05744;12,09332;12,23803;12,39377;12,59768;12,65456;12,71513;12,83456;12,99767;13,01381;13,07727;13,27433;13,31801;13,49503;13,51835;13,59431;13,69419;13,89792;13,9381;13,97527;14,09776;14,2146;14,29781;14,39317;14,49653;14,57722;14,69698;14,79451;14,83426;15,13426;15,15489;15,23691;15,27352;15,45788;15,73548;15,7547;15,81697;15,97451;16,15486;16,1765;16,27738;16,37422;16,43324;16,53557;16,5735;16,67423;16,73581;16,81749;16,83629;17,03794;17,07742;17,09809;17,536;17,57404;17,69785;17,77761;17,89621;18,03824;18,05799;18,09741;18,27755;18,57407;18,63798;18,69708;18,95761;19,13586;19,21513;19,31481;19,35712;19,45603;19,59605;19,61613;19,69632;19,7175;19,87803;19,91712;20,07744;20,07744;20,17594;20,29729;20,33827;20,53616;20,53616;20,63471;20,79624;20,79624;20,99831;21,03411;21,13802;21,25747;21,27718;21,45807;21,49493;21,59811;21,67789;21,89725;21,93532;22,01785;22,11486;22,15734;22,31591;22,31591;22,4742;22,51788;22,79325;22,81714;22,81714;22,93496;23,1545;23,25748;23,33633;23,45483;23,53835;23,6768;23,85784;23,85784;24,01418;24,05654;24,27608;24,53716;24,6367;24,67504;24,99825;25,09739;25,13627;25,35519;25,37737;25,49553;25,75821;25,85502;26,21667;26,25545;26,33818;26,67715;26,87399;26,97809;27,37753;27,49575;27,95551;27,99707;28,21713;28,3966;28,63809;28,65734;28,99831;29,4763;29,75592;30,25671;30,33518;30,91689
250;31,22006;1,055181;1,294303;1,612791;1,636637;1,734256;1,897113;2,096483;2,254653;2,373488;2,474731;2,835237;2,876103;2,876103;2,912729;3,057139;3,114427;3,175041;3,314814;3,375918;3,375918;3,45749;3,634353;3,634353;3,873693;3,975173;4,114817;4,155592;4,437899;4,534331;4,673731;4,777873;5,015768;5,033236;5,096566;5,153322;5,417892;5,417892;5,656235;5,717111;5,756699;5,793651;6,05558;6,05558;6,217182;6,316403;6,3547;6,3547;6,416852;6,53467;6,636573;6,713604;6,735824;6,937607;7,057586;7,09666;7,193894;7,277184;7,417448;7,575824;7,735735;7,895336;7,954097;8,293238;8,357853;8,47573;8,815674;8,975196;9,052938;9,134072;9,217327;9,293489;9,494326;9,494326;9,636044;9,692836;9,713234;9,855947;9,936944;9,974558;10,0517;10,11471;10,17767;10,21503;10,35578;10,45433;10,49595;10,51707;10,57775;10,71783;10,75659;10,93707;10,97464;11,11607;11,29425;11,33554;11,45691;11,57607;11,59662;11,7779;11,89771;12,01797;12,03418;12,07796;12,21241;12,31291;12,37671;12,49548;12,51674;12,65748;12,79566;12,91614;13,03753;13,03753;13,07768;13,27717;13,31696;13,49625;13,53212;13,67564;13,69588;13,77735;13,9156;13,93633;14,03593;14,05529;14,19532;14,47657;14,55337;14,73763;14,75357;14,87784;14,95582;15,07611;15,11507;15,19789;15,37664;15,43612;15,45674;15,55692;15,61539;15,7569;15,81564;16,05383;16,11572;16,13569;16,29757;16,29757;16,41693;16,47801;16,51768;16,67474;16,73552;16,77551;16,87728;17,23674;17,3772;17,55384;17,63696;17,73292;17,87729;17,89491;18,07728;18,23674;18,396;18,43563;18,51764;18,51764;18,6766;18,73681;18,75562;18,83561;19,01628;19,0535;19,11632;19,21741;19,35625;19,69732;19,77564;19,89482;19,97723;19,99782;20,01729;20,17467;20,33539;20,47738;20,51589;20,65743;20,71391;20,79569;21,13501;21,17488;21,19687;21,2341;21,43664;21,51572;21,67566;21,69661;21,77406;22,0748;22,2173;22,23545;22,27453;22,33703;22,47517;22,51358;22,85517;22,89298;22,89298;23,03449;23,13403;23,27472;23,39672;23,55414;23,55414;23,75663;23,81454;23,97618;23,99508;24,21756;24,31786;24,47562;24,71656;24,8564;24,8941;25,11507;25,11507;25,31784;25,37682;25,67472;25,69506;25,77658;25,99608;26,17692;26,2375;26,2562;26,59663;26,85641;26,93546;27,15751;27,41534;27,79747;28,25693;28,59535;28,8751;29,17496;29,41581;29,67678;30,05578;30,51693;31,21572
250;30,42083;1,31515;1,615223;1,695512;1,774692;2,032948;2,150237;2,275912;2,293375;2,374183;2,396577;2,594179;2,656957;2,692394;2,756434;2,834835;2,933476;3,076076;3,114471;3,195594;3,434455;3,537362;3,537362;3,61734;3,63694;3,776927;3,812792;3,937148;3,954659;4,130913;4,155663;4,217517;4,33783;4,535697;4,576846;4,635466;4,77421;4,77421;5,036344;5,07503;5,194929;5,25507;5,474021;5,474021;5,535607;5,634395;5,733175;5,733175;5,795084;5,917961;6,117889;6,157745;6,255371;6,376101;6,45497;6,555507;6,733738;6,754672;6,916769;6,973731;6,995323;7,012581;7,296155;7,334937;7,456982;7,534479;7,6736;7,735485;7,914513;8,035545;8,213305;8,235802;8,252999;8,356977;8,414915;8,849207;8,875889;8,933832;9,276433;9,357947;9,373957;9,477835;9,596515;9,676081;9,693273;9,854868;9,854868;9,977148;10,03778;10,15518;10,2319;10,3569;10,4976;10,4976;10,69496;10,77328;11,07611;11,09723;11,25375;11,29475;11,33348;11,41705;11,47678;11,55707;11,71605;11,85773;11,91688;12,07551;12,09492;12,17426;12,21335;12,43594;12,49713;12,73578;12,81263;12,95573;12,95573;13,01758;13,03329;13,17705;13,31444;13,33528;13,33528;13,6761;13,75677;13,81496;13,93476;13,95409;14,13704;14,13704;14,17689;14,27496;14,35373;14,43742;14,75372;14,77696;14,8129;14,85799;15,05358;15,07787;15,1768;15,23414;15,37479;15,63563;15,67472;15,75792;15,81746;16,0137;16,09616;16,09616;16,15689;16,29784;16,47614;16,85522;16,93686;17,03519;17,21314;17,29424;17,41645;17,49383;17,55613;17,71502;17,71502;17,95436;17,97724;18,17447;18,27642;18,27642;18,33663;18,49531;18,53741;18,59652;18,81787;18,85397;18,99662;19,01351;19,31324;19,396;19,41401;19,93523;20,07647;20,09554;20,11783;20,29629;20,4138;20,47542;20,55703;20,73665;20,77438;21,07574;21,09797;21,15705;21,23674;21,41481;21,63754;21,69607;21,77555;21,89799;21,93459;22,01768;22,13668;22,29607;22,394;22,41331;22,55519;22,67503;22,71802;22,87612;23,01482;23,05329;23,19517;23,19517;23,43736;23,53501;23,61693;23,73417;23,91554;24,0155;24,03331;24,27767;24,35451;24,45635;24,59524;24,75621;24,89649;24,99621;25,13681;25,13681;25,23506;25,37639;25,43786;25,59686;25,67657;25,95736;26,11736;26,19546;26,41765;26,53576;26,59638;26,93779;26,99717;27,29525;27,75444;27,85507;28,05512;28,1778;28,45481;28,83733;29,05689;29,557;30,41737
250;29,23971;1,272662;1,295713;1,554157;1,594325;1,873085;1,913729;2,032993;2,134714;2,15156;2,214098;2,473805;2,555845;2,954457;2,954457;2,970581;3,133229;3,152863;3,257051;3,408919;3,514729;3,532242;3,6125;3,676744;3,836801;3,875144;3,99638;4,197016;4,197016;4,353425;4,515208;4,536302;4,612484;4,734414;4,83572;5,01306;5,036134;5,090809;5,254041;5,316133;5,532864;5,616285;5,637164;5,874954;5,896053;5,995093;5,995093;6,314978;6,392919;6,556082;6,556082;6,556082;6,795548;6,933485;6,933485;7,054993;7,155822;7,25647;7,274125;7,356684;7,453499;7,635961;7,795428;7,956069;8,034694;8,154252;8,172354;8,416321;8,692789;8,692789;8,755558;8,813329;9,09454;9,152528;9,175107;9,332607;9,394155;9,41463;9,61355;9,732669;9,853052;10,01068;10,11691;10,19206;10,25583;10,33474;10,55694;10,63457;10,65586;10,71237;10,8139;10,91621;10,93271;11,13267;11,17509;11,516;11,55641;11,61605;11,63603;11,75672;11,85428;11,99709;12,15597;12,17205;12,25418;12,2971;12,43574;12,61354;12,61354;12,71553;12,89092;12,95266;13,03284;13,05576;13,19178;13,25493;13,2759;13,37343;13,45409;13,55493;13,65637;13,75446;13,91345;13,97515;14,11577;14,19288;14,23442;14,3364;14,49377;14,5738;14,59507;14,79525;14,87576;14,89652;14,97599;15,17302;15,19386;15,3159;15,45292;15,57518;15,69556;15,73534;15,83715;15,8564;15,97469;16,05508;16,15412;16,15412;16,41597;16,43607;16,53283;16,69699;16,83537;16,87287;16,99622;17,07385;17,19663;17,25274;17,29534;17,55663;17,61454;17,67579;17,73695;17,97408;17,99707;18,07319;18,09698;18,21575;18,39358;18,61398;18,63611;18,63611;18,69659;18,91578;18,93441;19,03629;19,09509;19,19617;19,33412;19,45285;19,53282;19,55557;19,67676;19,79391;19,8155;19,87689;20,09407;20,19614;20,2165;20,33509;20,53621;20,55458;20,57705;20,75426;20,79432;20,85609;21,07566;21,13325;21,1569;21,27708;21,37494;21,39487;21,55496;21,57495;21,71521;21,85563;21,877;21,89671;21,97447;22,1168;22,23498;22,4136;22,477;22,65534;22,87646;22,95373;22,95373;23,01719;23,23402;23,33423;23,41306;23,47291;23,69524;23,83696;23,87224;24,15466;24,15466;24,37525;24,41505;24,45389;24,61707;24,77714;24,85687;24,95261;25,07294;25,19714;25,39656;25,39656;25,77548;25,93671;25,93671;26,21386;26,45376;26,77456;26,95567;27,01605;27,31469;27,43703;27,59586;29,03419;29,23577
250;32,09918;1,09729;1,252792;1,294455;1,611557;1,774259;1,797397;1,914361;2,114898;2,15142;2,250942;2,31188;2,375489;2,476859;2,63357;2,749648;2,870174;3,095417;3,13561;3,217411;3,33436;3,574874;3,592664;3,67475;3,694199;3,874567;3,933928;4,029264;4,15214;4,356376;4,374527;4,470839;4,60954;4,717087;4,734596;4,852972;4,935713;5,037272;5,136366;5,295115;5,315737;5,354105;5,434241;5,795228;5,875551;5,897412;5,99269;6,231713;6,295778;6,331844;6,355144;6,473298;6,633589;6,733605;6,832843;6,913864;6,992548;7,114292;7,232162;7,352898;7,43505;7,533814;7,636642;7,674865;7,695712;7,856436;7,914617;7,936733;8,015083;8,176991;8,176991;8,297;8,41398;8,513379;8,576869;8,834712;8,8931;8,91303;8,975968;9,153509;9,23364;9,316926;9,555658;9,575974;9,714236;9,757285;9,854786;10,03289;10,09743;10,09743;10,17337;10,29581;10,37268;10,49562;10,61719;10,65322;10,77735;10,81483;10,89585;10,99439;11,15331;11,31698;11,49537;11,51523;11,53671;11,67646;11,75497;11,7754;11,81359;11,91572;12,03374;12,07357;12,11285;12,33267;12,39282;12,41449;12,55637;12,67358;12,81308;12,81308;13,13633;13,17404;13,25481;13,35692;13,41587;13,51658;13,51658;13,69341;13,71319;13,79538;13,89444;13,91728;14,09606;14,13696;14,27301;14,27301;14,51643;14,59306;14,61408;14,77726;14,79291;14,9171;15,07645;15,13586;15,37326;15,39746;15,47471;15,57398;15,67637;15,77656;15,95649;15,99539;16,09406;16,15613;16,37721;16,45253;16,53246;16,69471;16,75315;16,79695;16,97448;17,01536;17,07672;17,29725;17,29725;17,31583;17,5752;17,61604;17,81596;17,85729;17,85729;18,09675;18,25352;18,31748;18,57502;18,87558;18,91658;18,93453;19,1368;19,41674;19,69637;19,75334;19,79707;19,89583;20,11368;20,13307;20,17403;20,51345;20,53596;20,67458;20,85493;21,03577;21,03577;21,17568;21,19706;21,33745;21,47396;21,75568;21,85438;22,01456;22,11726;22,55421;22,69473;22,81664;22,93672;23,15606;23,23394;23,35746;23,39671;23,71628;23,77588;23,89381;23,99588;24,15692;24,23248;24,3554;24,3554;24,51355;24,65499;24,7757;24,93698;25,09501;25,1743;25,2957;25,51573;25,637;25,83403;26,11686;26,23735;26,29594;26,47575;26,697;26,697;26,87509;26,89454;27,13423;27,69451;27,71631;28,13729;28,53524;28,63749;28,77419;28,83582;29,13516;29,37637;29,5373;29,6371;29,97743;30,21513;30,59536;32,09539
250;31,30157;1,072494;1,275711;1,435055;1,511931;1,794981;1,837834;1,876788;2,033928;2,194688;2,213429;2,234497;2,41077;2,41077;2,633991;2,81421;3,116539;3,174242;3,217627;3,455935;3,492138;3,597267;3,675339;3,855741;3,931999;3,993798;4,092422;4,114898;4,414894;4,496258;4,715455;4,733817;4,875247;4,893744;5,117655;5,156911;5,217097;5,317763;5,333998;5,455541;5,576066;5,612271;5,676218;5,973745;6,157875;6,274526;6,33654;6,517066;6,593655;6,69572;6,856108;6,877872;6,916152;6,976806;7,173071;7,213261;7,436298;7,495226;7,517005;7,616723;7,71461;7,773339;7,915834;8,035099;8,151207;8,255206;8,313504;8,395866;8,436766;8,755317;8,776112;8,85749;8,916306;8,996399;8,996399;9,11577;9,357089;9,374064;9,614969;9,697791;9,894671;10,01719;10,07566;10,17711;10,47379;10,47379;10,51602;10,5556;10,67612;10,71713;10,83573;10,91551;10,95716;10,97749;11,08779;11,17523;11,27324;11,33654;11,39542;11,55706;11,55706;11,67666;11,79716;11,97712;12,01342;12,0344;12,11732;12,21541;12,37349;12,45349;12,51384;12,55455;12,69435;12,81445;12,81445;12,83167;12,97452;13,03769;13,11769;13,33379;13,47348;13,65641;13,71341;13,87383;13,95614;14,01699;14,11676;14,19405;14,25688;14,33339;14,41253;14,47462;14,5755;14,61472;14,77516;14,9571;14,9571;14,9957;15,27472;15,3147;15,45769;15,51487;15,65713;15,71604;15,79597;15,81681;16,03417;16,21574;16,25455;16,41525;16,63523;16,71586;16,87341;16,87341;17,0554;17,31619;17,4569;17,47584;17,69727;17,81647;17,83657;17,97717;18,05727;18,27641;18,3134;18,3378;18,43776;18,67412;18,67412;18,81451;18,93328;19,03707;19,21506;19,33617;19,47536;19,53622;19,65407;19,73496;19,83494;19,95751;20,19472;20,21618;20,23367;20,27469;20,45546;20,5746;20,59694;20,73639;20,83449;20,99555;21,07443;21,11647;21,29568;21,29568;21,45427;21,47716;21,63746;21,99577;22,0973;22,29551;22,41524;22,65578;22,71448;22,95435;22,97598;22,97598;23,17482;23,35485;23,43465;23,6751;23,88991;23,88991;24,0963;24,21681;24,33677;24,65536;24,77578;24,93737;25,03354;25,09746;25,25476;25,27584;25,43508;25,61525;25,63729;25,8939;26,07699;26,2965;26,35471;26,53741;26,65665;26,81472;27,09561;27,13746;27,3155;27,37512;27,73591;27,85548;28,1561;28,17663;28,49611;28,53365;28,85748;28,99334;29,25476;29,37626;29,61571;29,81577;30,51604;30,97766;31,29738
250;28,82004;1,234718;1,348908;1,648559;1,811324;1,875778;1,895318;1,913311;2,152451;2,291386;2,314675;2,491071;2,55207;2,575202;2,674311;2,736172;2,808569;2,935741;2,953302;3,011807;3,156229;3,173281;3,254066;3,395448;3,432448;3,571417;3,614571;3,794896;3,833661;3,993291;4,114028;4,154485;4,333009;4,372667;4,47142;4,512784;4,692308;4,772786;4,976058;5,073932;5,096277;5,111226;5,255436;5,296092;5,396095;5,396095;5,632606;5,672599;5,733316;5,913496;6,095238;6,192223;6,353889;6,412457;6,513882;6,513882;6,633347;6,915875;6,915875;6,9544;7,135992;7,294134;7,294134;7,392124;7,529918;7,529918;7,673982;7,691341;7,833053;7,891843;8,035261;8,073292;8,155402;8,271797;8,335081;8,434093;8,513995;8,614419;8,776132;8,776132;8,895641;8,955334;8,972494;9,014182;9,133139;9,252988;9,335339;9,470929;9,487049;9,55388;9,650085;9,692509;9,776063;9,815454;9,931975;10,01416;10,15212;10,23437;10,41526;10,41526;10,63408;10,71586;10,81367;10,84997;10,93561;11,07534;11,11578;11,21556;11,23615;11,39128;11,4329;11,5543;11,65383;11,83424;11,89546;11,91378;12,11206;12,13229;12,21589;12,21589;12,33448;12,53269;12,69164;12,69164;12,73606;12,73606;12,85312;13,01457;13,13355;13,17425;13,3322;13,45189;13,47282;13,65347;13,65347;13,77208;13,81493;13,91364;13,93543;14,09455;14,25303;14,37139;14,51602;14,53096;14,596;14,73513;14,81204;14,85382;14,97476;15,19471;15,39302;15,41255;15,63453;15,67575;15,71447;15,83563;16,01469;16,03451;16,27426;16,4958;16,4958;16,55382;16,63532;16,75222;16,893;17,01431;17,27515;17,33518;17,3724;17,53601;17,5552;17,75513;17,83478;17,93511;17,95448;18,17619;18,35436;18,43587;18,65258;18,85349;18,93501;18,95259;19,03229;19,31361;19,47458;19,5717;19,6333;19,75412;19,95626;20,11487;20,15454;20,23469;20,45406;20,49386;20,51577;20,65359;20,71423;20,85538;20,93304;21,19457;21,27547;21,31324;21,45557;21,5135;21,61426;21,67181;21,87625;21,91336;22,1123;22,15289;22,15289;22,4361;22,63603;22,77549;22,79443;22,99314;23,11585;23,39251;23,43333;23,63607;23,63607;23,63607;23,81179;23,83397;23,99314;23,99314;24,2145;24,25592;24,25592;24,45311;24,63425;24,75297;24,89398;24,97377;25,29219;25,41247;25,6335;25,93599;26,05512;26,21553;26,53499;26,63569;26,8361;27,03309;27,33456;27,35565;27,5959;27,95619;27,99564;28,21426;28,81516
